Month,Year,Aruba,Afghanistan,Angola,Albania,United Arab Emirates,Argentina,Armenia,Antigua and Barbuda,Austria,Azerbaijan,Burundi,Belgium,Benin,Burkina Faso,Bangladesh,Bulgaria,Bahrain,Bahamas,Bosnia and Herzegovina,Belarus,Belize,Bolivia,Brazil,Barbados,Brunei Darussalam,Botswana,Central African Republic,Canada,Switzerland,Chile,China,Cote d'Ivoire,Cameroon,Congo,Colombia,Cabo Verde,Costa Rica,Curacao,Cyprus,Czech Republic,Germany,Djibouti,Dominica,Denmark,Dominican Republic,Algeria,Ecuador,Egypt,Spain,Estonia,Ethiopia,Finland,Fiji,France,Gabon,United Kingdom,Georgia,Ghana,Guinea,Gambia,Guinea-Bissau,Equatorial Guinea,Greece,Grenada,Guatemala,Guyana,Hong Kong,Honduras,Croatia,Haiti,Hungary,Indonesia,India,Ireland,Iran,Iraq,Iceland,Israel,Italy,Jamaica,Jordan,Japan,Kazakhstan,Kenya,Kyrgyz Republic,Cambodia,Kiribati,St. Kitts and Nevis,Korea,Kuwait,Lao,Lebanon,Liberia,St. Lucia,Liechtenstein,Sri Lanka,Lesotho,Lithuania,Luxembourg,Latvia,Macao,Morocco,Moldova,Madagascar,Maldives,Mexico,North Macedonia,Mali,Malta,Myanmar,Montenegro,Mongolia,Mozambique,Mauritania,Montserratit,Mauritius,Malawi,Malaysia,Namibia,New Caledonia,Niger,Nigeria,Nicaragua,Netherlands,Norway,Nepal,Oman,Pakistan,Panama,Peru,Philippines,Poland,Portugal,Puerto Rico,Paraguay,West Bank and Gaza,Qatar,Romania,Russian Federation,Rwanda,Saudi Arabia,Sudan,Senegal,Singapore,Solomon Islands,Sierra Leone,El Salvador,Serbia,South Sudan,Sao Tome and Principe,Suriname,Slovakia,Slovenia,Sweden,Eswatini,Seychelles,Chad,Togo,Thailand,Tajikistan,Timor-Leste,Tonga,Trinidad and Tobago,Tunisia,Turkey,Taiwan,Tanzania,Uganda,Ukraine,Uruguay,United States,Uzbekistan,St. Vincent and the Grenadines,British Virgin Islands,Vietnam,Samoa,Kosovo,South Africa,Zambia,Zimbabwe
Februrary,2018,1.08,-0.55,1.25,0.80,-0.15,2.42,-0.48,0.10,0.29,0.20,-0.70,0.19,0.78,0.31,-0.13,0.32,0.73,0.36,1.02,0.91,-0.50,0.32,0.35,0.65,0.27,0.29,-0.17,0.58,0.40,0.09,1.24,-0.26,-0.09,-0.04,0.70,0.10,0.21,0.08,0.76,0.00,0.29,-0.14,-1.11,0.69,-0.11,-0.58,0.15,0.29,0.10,0.95,0.42,0.30,0.63,-0.10,1.49,0.38,0.17,0.23,0.93,0.49,0.33,-0.37,0.00,0.14,-0.20,-0.70,1.26,0.64,-0.10,0.95,0.19,0.18,-0.36,0.91,0.27,-0.29,0.57,0.10,0.00,-0.11,1.31,0.00,0.71,1.36,0.85,0.36,-2.20,0.08,0.76,-0.09,0.38,0.20,0.56,0.75,-0.40,-1.67,0.11,-0.19,1.28,0.29,0.93,-0.61,0.19,0.52,0.28,0.35,0.15,0.39,0.33,0.12,0.25,0.83,0.36,0.00,0.39,1.97,2.14,0.00,0.15,-0.21,-0.97,0.79,0.22,0.49,0.94,0.46,0.00,-0.31,0.29,0.29,0.72,-0.24,-0.69,0.11,0.30,-0.05,0.00,0.29,0.21,0.51,-0.10,2.73,1.03,0.47,2.08,1.32,0.08,0.31,24.90,0.33,0.99,0.18,0.69,0.78,0.56,0.42,-0.88,0.00,-0.23,-0.10,0.30,1.04,0.09,-0.07,0.73,0.94,0.91,0.01,0.90,0.88,0.48,1.10,-0.18,0.00,0.73,-0.41,0.33,0.52,0.87,0.00
March,2018,0.89,-0.42,1.45,0.29,-0.65,2.34,0.13,-0.30,0.58,0.20,-0.44,0.09,-0.89,0.33,0.34,-0.30,0.51,-0.30,0.35,0.78,0.00,-0.13,0.09,-0.54,0.31,0.19,0.22,0.29,0.30,0.19,-1.13,0.61,0.09,0.05,0.26,-0.05,-0.03,0.39,0.72,-0.10,0.59,0.23,-0.20,0.00,0.37,0.75,0.06,0.99,0.10,0.00,2.04,0.20,0.45,1.08,0.29,0.19,-0.37,0.39,0.98,0.50,-0.99,-0.27,1.41,-0.17,0.23,-0.53,-0.31,0.35,0.60,0.90,0.10,0.18,0.00,0.30,0.22,-0.29,0.57,0.30,0.30,-0.11,-0.42,-0.30,0.47,1.39,-0.28,0.04,0.90,0.46,-0.11,-0.35,0.17,0.81,2.08,-0.13,-0.10,-0.73,0.22,0.38,0.10,1.25,-0.45,0.08,0.11,0.69,-0.22,0.35,0.03,-1.17,0.40,-0.28,0.23,1.00,0.97,0.56,-0.22,0.59,-0.93,-0.33,0.11,0.22,0.00,0.84,0.14,0.20,0.28,0.04,-0.28,0.31,0.10,0.49,0.51,-0.08,1.89,-0.03,0.00,-0.12,-0.27,0.29,0.29,1.06,-0.13,1.82,-1.59,-0.20,-0.25,1.23,-0.10,0.16,9.75,0.37,0.15,0.18,0.29,0.29,-0.02,-0.03,-0.49,-0.09,-0.09,-1.00,0.20,1.76,-0.09,0.62,0.99,-0.97,1.41,0.48,1.10,0.28,0.19,1.06,0.18,63.64,-0.27,-0.62,0.07,0.52,1.32,-0.16
April,2018,-0.19,-0.74,1.21,-0.49,-0.23,2.74,-0.34,-1.00,0.19,-0.20,0.62,0.28,1.00,1.03,0.08,0.45,-0.08,0.18,-0.43,0.29,0.20,-0.14,0.17,-1.09,-0.24,1.34,0.44,0.29,0.20,0.28,-0.19,0.26,0.36,0.06,0.43,-0.04,-0.08,0.16,0.60,0.29,0.19,0.20,0.60,0.49,0.40,0.58,-0.14,1.52,0.88,0.38,0.23,0.29,1.70,0.10,1.09,0.38,-0.21,0.68,1.00,0.55,1.09,0.78,1.00,0.17,0.04,-0.02,-0.10,0.22,0.79,0.97,0.67,0.09,0.36,-0.20,1.33,0.00,0.00,0.40,0.10,-0.42,0.81,-0.10,0.47,1.35,-0.50,0.50,-0.50,-0.63,0.18,0.09,0.18,0.54,1.42,-0.15,0.10,0.08,0.12,0.66,0.19,0.19,0.32,0.33,0.46,0.43,-1.69,-0.35,0.26,-0.20,0.49,0.51,0.08,0.63,0.43,0.09,0.69,-2.00,-3.76,0.00,0.32,0.24,1.56,0.83,0.31,0.59,0.37,0.35,0.19,1.82,0.19,-0.12,0.41,0.48,0.68,0.04,0.00,0.32,-0.44,0.54,0.38,1.90,-0.29,3.40,0.00,-0.47,0.00,0.98,0.04,0.42,14.95,0.51,0.23,0.59,0.68,0.38,3.63,0.15,2.09,2.35,0.45,0.50,0.70,0.20,0.28,0.96,1.87,0.65,0.44,0.28,0.81,0.07,0.38,0.85,0.73,0.00,0.08,0.63,0.01,0.61,0.63,0.00
May,2018,0.38,-0.10,1.28,-1.19,-0.06,2.08,-1.04,-1.60,0.19,-0.07,0.70,0.28,1.04,0.37,-1.23,0.29,0.01,0.53,0.16,-0.28,0.00,0.12,0.43,0.39,0.07,0.09,0.66,0.09,0.40,0.28,-0.19,-0.69,0.18,0.05,0.26,0.11,-0.11,-0.08,1.09,0.48,0.78,0.05,-0.03,0.20,0.26,1.82,-0.18,0.17,0.87,0.28,1.29,0.10,0.44,0.49,0.65,0.38,-0.03,0.56,0.74,0.44,2.26,0.17,-0.39,0.15,0.47,0.52,0.10,0.10,0.39,1.14,0.67,0.18,0.36,0.60,1.08,0.87,0.00,0.50,0.29,0.00,0.16,0.20,0.12,0.97,-0.49,0.27,0.60,0.21,0.05,0.09,0.21,0.63,1.11,0.63,-1.41,1.14,0.27,0.37,0.39,0.28,0.37,0.50,0.02,0.17,-0.35,-0.18,0.97,-3.46,0.16,0.30,0.31,0.54,0.53,0.19,-0.61,-0.19,-0.58,0.17,0.38,0.03,1.35,1.09,0.55,0.29,0.09,0.37,0.38,0.51,0.00,0.04,0.20,0.24,0.39,0.05,0.10,-0.41,-0.29,0.47,0.38,0.89,-0.23,4.92,-1.23,0.62,-0.87,1.30,0.13,0.62,-9.91,0.36,,0.00,1.17,0.19,0.26,0.12,7.11,1.53,0.56,0.60,0.00,-0.61,-0.19,0.44,1.62,-0.13,0.04,0.47,0.00,0.81,0.38,0.76,0.09,16.67,0.55,1.94,-0.23,0.34,0.43,0.00
June,2018,0.51,-0.10,1.25,-0.06,0.38,3.74,-1.61,-1.20,0.19,-0.65,-0.96,0.09,1.18,1.32,0.41,0.05,0.58,0.32,-0.01,0.43,0.30,0.11,1.21,0.82,-0.38,0.00,-1.15,0.19,0.00,0.09,0.00,0.78,0.00,0.08,0.17,0.52,0.18,0.55,0.52,0.38,0.10,-0.33,0.79,-0.10,0.21,1.08,-0.27,3.48,0.29,0.94,2.27,0.20,-0.79,0.00,1.08,0.00,-0.64,0.64,0.81,0.54,-0.49,0.03,0.99,0.38,0.57,0.69,0.21,0.41,0.00,1.26,0.28,0.63,0.63,0.10,1.86,0.57,0.57,0.10,0.20,0.42,0.49,-0.10,0.35,-0.89,-0.24,0.14,-0.31,-0.01,-0.20,0.27,0.31,0.91,5.75,0.34,-0.10,1.77,0.56,0.00,0.19,0.66,0.36,0.25,0.00,0.60,0.20,0.44,-0.02,3.99,0.06,0.64,0.15,0.49,-0.12,0.37,-0.41,-0.77,-0.23,-1.24,0.25,-0.46,0.66,1.24,0.44,-0.29,0.65,0.31,0.38,0.57,0.21,0.35,0.40,0.08,0.10,0.20,0.69,0.93,0.46,0.02,0.49,-1.37,0.19,3.09,-1.06,0.06,-0.19,1.56,0.13,0.36,-4.62,1.04,,0.12,0.00,0.29,-0.08,0.22,-0.36,-0.93,-0.09,0.50,-0.10,0.00,-0.09,0.44,2.61,0.41,-0.38,-0.17,0.00,0.99,0.19,-0.40,0.09,-14.29,0.61,1.13,0.12,0.17,0.25,0.00
July,2018,1.16,0.13,1.25,-0.26,-0.05,3.10,-1.18,0.60,-0.19,-0.59,-0.97,0.38,-0.50,0.77,1.15,0.67,0.26,1.80,-0.75,-0.16,0.00,0.05,0.34,0.71,0.33,0.09,0.17,0.47,-0.20,0.37,0.29,0.00,0.18,0.24,-0.17,0.41,0.28,0.39,-1.15,0.19,0.38,0.49,0.45,0.78,-0.02,-1.92,0.00,2.43,-0.77,0.19,1.22,-0.10,0.44,-0.10,0.21,0.00,-0.28,0.36,1.29,0.53,-0.29,1.79,-1.76,-0.05,0.36,-0.17,0.31,0.38,-0.98,1.24,0.28,0.27,3.41,0.40,4.43,0.67,0.09,0.00,0.29,0.95,0.30,0.00,0.00,-0.89,-0.68,-0.27,-0.96,0.08,-0.19,0.18,0.29,-0.22,3.54,0.11,0.41,0.08,0.30,-0.46,-0.77,-0.85,0.23,-0.91,-1.17,0.51,0.54,0.53,-0.30,1.47,-0.15,1.26,0.20,0.53,-0.18,0.28,-0.01,-0.19,0.62,0.17,0.53,0.45,-0.94,1.13,-0.08,1.16,0.74,0.77,0.19,0.94,-0.06,0.40,0.80,-0.24,-0.58,0.37,-0.29,0.04,0.19,-0.48,0.27,-0.75,-0.14,4.33,2.04,-0.15,0.19,1.99,0.14,-0.31,19.27,0.49,,-0.12,-0.96,0.48,0.11,0.41,-0.55,-0.64,-0.05,1.10,0.10,2.55,0.37,0.59,0.55,0.35,-0.33,0.44,-0.72,0.60,0.00,-0.27,0.09,5.56,-0.09,1.04,0.22,0.86,0.27,0.96
August,2018,-0.55,-0.06,1.22,0.37,0.15,3.89,0.58,0.30,0.00,0.86,-0.98,0.09,-3.32,-1.02,1.37,0.08,-0.46,-0.03,-0.08,0.13,0.40,0.17,-0.09,-0.43,0.04,0.00,0.77,-0.09,0.00,0.18,0.67,0.09,0.09,0.06,0.17,-0.28,-0.07,0.23,0.66,0.09,0.10,0.23,-0.05,-0.39,0.03,0.46,0.27,1.78,0.19,0.46,0.28,0.20,0.09,0.48,0.14,0.57,0.50,0.22,0.43,0.67,0.41,-0.36,-0.30,0.05,0.44,0.69,0.10,0.44,0.00,1.23,0.09,-0.09,0.00,0.30,5.22,-1.04,0.19,0.10,0.39,0.94,0.07,0.59,0.23,0.31,-0.42,0.69,0.43,0.03,0.88,0.09,0.44,0.23,2.16,0.02,1.23,-0.95,0.51,-0.37,1.36,-0.09,0.08,-0.08,-0.17,0.42,1.38,0.53,0.28,0.39,0.08,0.88,-0.07,-0.82,0.26,0.46,-0.19,-0.68,1.38,0.17,0.03,0.30,0.48,1.05,-0.24,0.10,-0.37,1.69,-0.09,0.21,0.07,0.16,0.90,0.00,-0.39,-0.01,0.20,-0.02,0.28,0.29,0.01,0.53,-0.14,3.98,2.28,0.42,0.19,1.33,0.25,0.31,-13.82,1.51,0.74,0.24,0.10,-0.19,0.06,-0.20,-1.28,-0.70,0.27,0.80,-0.20,0.10,0.00,0.38,2.30,-0.06,-0.38,0.87,0.00,0.67,0.09,0.29,0.09,0.00,0.45,-0.28,0.44,-0.17,0.28,0.47
September,2018,-0.19,0.38,2.69,0.23,-0.61,6.53,0.34,0.10,0.76,0.26,-1.80,0.00,-0.20,0.34,1.79,0.25,-0.77,-0.07,0.45,0.81,0.00,-0.09,0.51,-0.16,0.22,0.00,-0.20,-0.38,0.00,0.37,0.66,-0.69,0.45,-0.07,0.17,0.13,0.22,0.31,0.86,-0.28,0.19,-0.52,0.72,-0.29,0.08,0.32,0.39,2.53,0.19,0.00,1.10,0.20,0.44,-0.19,-0.14,0.09,0.28,0.09,1.04,0.34,0.29,0.36,2.00,0.44,0.60,0.09,0.21,0.03,0.79,1.46,0.28,-0.18,0.00,-0.39,5.39,0.29,0.19,0.10,-0.48,1.14,-0.07,0.10,0.35,1.02,0.07,0.33,-0.72,-0.52,0.76,-0.09,0.74,0.44,1.37,-0.17,0.30,-0.80,0.43,1.31,0.29,0.66,0.30,0.25,0.14,0.34,-0.68,0.44,-0.08,0.19,0.66,1.25,0.06,-0.06,0.11,0.46,0.25,0.10,2.04,0.42,0.75,-0.46,-0.85,0.83,0.50,-0.38,0.55,0.59,-0.09,-0.06,-0.04,0.20,0.99,0.24,1.17,-0.03,0.39,-0.07,-0.79,0.47,0.16,-0.11,-0.22,3.07,0.66,-0.03,0.68,0.42,0.05,-0.31,-7.80,1.82,0.44,0.06,0.39,0.48,0.15,0.22,1.30,-1.19,0.29,1.10,0.10,-0.60,0.09,0.59,6.31,0.16,0.10,0.83,1.89,0.50,0.09,1.77,0.09,52.63,0.59,-0.61,0.11,0.59,0.19,0.94
October,2018,-0.11,0.96,1.39,-0.17,-0.48,5.39,0.12,1.00,0.28,0.20,-1.37,0.66,0.60,-1.16,0.59,0.73,-0.05,0.06,0.94,0.51,-0.10,0.18,0.42,0.16,-0.28,0.64,0.90,0.38,0.20,0.37,0.19,0.17,0.44,0.15,0.09,0.32,0.37,-0.15,0.43,0.38,0.19,0.16,0.68,0.29,0.22,1.19,-0.05,2.59,0.96,0.46,-0.26,0.19,0.61,0.10,0.85,0.09,0.32,0.27,0.50,0.47,0.60,0.49,0.78,0.06,0.34,0.34,0.21,0.56,0.59,1.47,0.56,0.27,0.35,-0.10,7.05,0.48,0.56,0.30,0.00,0.72,-0.02,0.29,0.35,-0.79,0.26,0.31,-0.15,-0.01,-0.18,0.18,-0.64,0.00,0.70,0.42,-0.91,0.40,0.52,0.65,0.10,0.66,0.16,-0.08,0.39,0.34,-0.45,0.52,0.30,0.48,0.35,1.18,-0.16,0.96,0.07,-0.18,3.80,0.39,1.90,0.17,0.43,0.38,-0.67,0.74,0.51,0.29,-0.18,0.64,0.38,2.33,0.08,0.12,0.20,0.39,-0.10,-0.31,0.59,0.37,0.07,0.51,0.35,-1.04,-0.48,-0.68,-0.64,-0.31,-0.19,-0.72,0.23,0.31,-1.51,1.32,0.44,0.06,0.39,-0.19,0.25,0.18,-0.28,-0.20,0.06,0.70,0.00,0.70,0.47,1.04,2.67,0.07,-0.26,-0.35,1.70,0.23,0.19,1.29,0.09,0.00,0.33,0.28,0.17,0.51,0.70,16.38
November,2018,0.31,0.65,1.32,-0.25,-0.30,3.15,1.00,1.50,0.19,0.59,1.21,0.19,-0.20,-1.44,-0.44,-0.11,-0.04,-0.36,0.07,0.56,-0.20,0.27,-0.17,1.14,-0.11,0.39,1.43,-0.47,-0.20,0.00,-0.37,-0.10,0.18,0.05,0.09,0.05,0.42,0.39,-0.20,-0.09,-0.67,0.74,-0.11,-0.29,-0.35,-0.45,-0.25,-0.76,-0.10,-0.46,-1.09,0.00,-0.35,-0.19,0.21,0.19,0.71,0.25,0.62,0.33,-0.99,-0.01,-1.56,-0.10,-0.29,0.00,0.21,0.53,-0.20,1.39,-0.37,0.27,0.00,-0.49,2.62,-0.47,0.28,-0.30,-0.19,0.00,0.64,-0.20,0.92,-0.18,0.68,-0.34,0.74,0.86,-0.71,-0.09,-0.19,1.13,1.96,0.04,0.90,2.24,0.49,-0.09,0.00,-0.09,0.21,0.67,0.43,0.59,0.08,0.86,-0.15,0.19,0.33,0.85,0.17,1.79,0.27,0.18,0.26,0.39,1.49,0.25,0.68,-0.03,-0.48,0.80,0.52,-0.19,0.46,0.62,-0.09,0.11,-0.44,0.16,-0.29,0.00,-0.48,-0.12,0.68,-0.36,0.07,-0.13,0.50,-0.54,-0.21,2.05,-0.65,0.16,0.29,2.64,-0.18,-0.31,4.62,-0.33,0.22,-0.06,0.10,-0.09,0.16,-0.20,-0.37,0.98,-0.22,0.40,0.20,-0.40,0.28,0.61,-1.44,-0.62,0.30,-0.15,1.40,0.36,-0.37,2.28,-0.09,3.45,-0.29,-2.29,0.67,0.08,0.91,9.25
December,2018,0.74,0.16,1.41,1.06,-0.31,2.57,1.48,1.80,0.09,0.78,0.00,-0.19,0.50,-0.06,0.05,-0.03,-0.39,-0.53,-0.31,0.78,-0.10,0.34,0.08,-0.11,-0.18,0.09,2.73,-0.09,-0.30,-0.09,0.09,0.76,0.26,0.19,0.34,-0.33,0.21,0.62,-1.35,0.09,0.00,0.48,-0.25,-0.29,-0.22,-1.02,0.10,-3.39,-0.48,-0.28,1.67,-0.10,0.09,0.00,-0.28,0.19,0.46,0.53,0.56,0.68,0.47,-0.06,0.10,0.19,0.13,-0.17,0.31,0.19,-0.78,1.46,-0.37,0.63,-0.35,0.00,2.58,-0.57,0.74,-0.30,-0.10,-1.01,-0.44,-0.29,0.68,0.65,0.68,-0.47,-0.05,0.08,-0.34,0.27,-0.66,-0.80,2.39,0.02,3.45,-0.47,0.14,-0.64,-0.38,-0.37,0.34,-0.75,0.49,1.41,-0.26,0.69,-0.21,-0.96,0.48,-0.81,-0.59,0.61,0.37,0.18,0.37,-0.39,1.10,0.08,-0.23,0.38,0.19,0.74,0.63,-0.10,0.00,-0.97,-0.28,-0.41,-0.43,0.19,-0.59,0.00,-0.19,-0.57,-0.29,-0.18,0.10,0.17,0.84,-0.85,-0.40,4.47,0.65,0.08,0.10,-0.30,-0.47,0.10,2.97,0.95,0.22,-0.12,-0.58,0.47,0.06,0.01,-1.02,0.72,-0.65,0.30,0.10,-0.90,-0.09,0.47,-0.40,-0.50,0.53,-0.18,0.80,-0.38,-0.28,2.07,-0.09,-16.67,-0.25,-0.22,0.79,-0.08,0.75,8.96
January,2019,-0.43,0.11,1.13,1.60,-0.12,2.91,1.83,0.60,-0.75,0.17,0.92,-0.09,1.09,-2.17,1.34,0.61,1.12,0.70,0.13,0.88,-0.20,0.22,0.34,-1.18,-0.21,0.30,-1.08,0.19,-0.30,0.09,0.47,-2.27,-0.26,0.19,0.60,-0.04,0.05,-0.15,-0.94,1.04,-0.77,0.60,-0.50,0.20,-0.17,0.38,0.47,0.60,-1.25,-0.19,1.43,-0.39,1.22,-0.48,0.07,-0.65,1.29,1.49,0.41,0.39,-0.35,-0.42,-1.78,-0.04,1.35,-0.09,-0.10,0.03,-0.89,1.62,0.28,0.36,2.00,-0.69,2.02,0.38,-0.46,-0.10,0.10,-0.20,-0.85,0.00,0.45,0.35,0.43,-0.02,-0.23,-0.41,-0.11,-0.09,0.29,-0.73,-1.77,0.82,-3.04,0.16,1.19,0.19,-0.86,0.47,0.15,-0.25,1.28,0.41,-0.09,0.09,-0.06,-2.51,-1.70,0.09,-0.34,0.58,0.65,-0.18,0.13,1.37,3.46,-0.50,1.17,-0.32,-2.03,0.74,-0.25,0.00,-0.46,-0.36,-0.38,1.00,-0.27,0.06,0.10,-0.24,-1.26,-0.44,0.00,-0.01,-0.97,0.83,1.01,0.00,-1.05,3.57,-0.79,-0.30,0.38,1.78,-0.05,0.36,26.55,-0.30,0.58,1.06,-1.16,-0.94,-0.15,1.03,-2.43,0.74,-0.02,0.60,0.30,0.30,0.28,0.83,1.06,-0.10,0.55,0.20,0.99,2.17,0.19,1.49,0.54,-28.00,0.10,-1.64,0.40,-0.17,1.05,10.81
February,2019,0.42,-0.62,1.06,0.59,-0.30,3.77,0.62,0.10,0.00,0.57,-1.00,0.28,-1.56,-0.41,-0.08,0.50,0.23,1.26,0.38,1.34,0.20,-0.15,0.42,1.41,0.18,0.20,0.32,0.66,0.40,0.00,1.03,-0.19,0.26,0.20,0.60,-0.12,0.08,-0.54,0.03,0.19,0.39,0.30,-0.63,0.49,0.37,-0.49,-0.23,1.74,0.19,0.09,0.32,0.49,0.69,0.10,-0.05,0.38,0.27,0.44,0.91,0.56,0.48,0.22,0.20,-0.23,0.14,0.00,0.92,0.77,0.20,1.68,0.56,-0.09,0.00,0.80,2.19,-0.48,0.19,0.10,0.10,0.00,-0.27,0.00,0.34,0.82,-0.20,0.83,0.50,-0.67,0.43,0.09,0.44,0.18,-0.49,0.05,-0.40,-0.47,0.17,0.09,1.55,0.09,0.69,0.00,0.39,0.49,0.32,0.00,-0.01,-0.10,0.75,0.64,0.39,0.46,0.30,-0.09,0.75,0.58,1.32,0.25,-0.09,-0.53,0.00,0.73,0.27,0.96,0.82,0.24,-0.09,0.64,0.09,0.15,0.10,0.39,-0.20,0.18,0.58,-0.05,0.18,0.78,0.44,-0.11,-0.17,3.34,0.32,0.57,-0.67,1.08,0.18,0.72,15.05,1.15,-0.07,0.23,0.78,0.67,0.64,0.13,0.00,-0.43,0.24,0.60,0.10,0.20,-0.09,0.09,0.16,0.98,1.10,0.25,0.53,0.98,0.38,1.58,-0.45,16.67,0.80,0.69,0.37,0.84,0.73,1.63
March,2019,1.39,1.00,1.09,-0.31,-0.59,4.68,0.11,-0.10,0.85,0.61,0.74,0.37,0.89,0.50,0.42,0.07,0.82,0.12,0.11,0.38,0.20,-0.02,0.76,0.43,0.13,0.10,-0.43,0.66,0.59,0.46,-0.37,0.29,0.44,0.54,0.42,0.26,-0.15,-0.31,0.83,0.19,0.39,0.29,1.47,0.10,0.65,0.94,-0.21,0.83,0.39,0.37,2.21,0.10,-0.60,0.78,0.20,0.19,1.00,0.81,0.97,0.47,-0.92,-0.14,1.81,0.10,-0.04,0.09,-0.30,0.40,1.09,0.70,0.75,0.09,0.68,0.79,3.91,0.77,0.56,0.50,0.29,0.82,0.36,0.00,0.56,1.54,-0.25,0.26,-2.06,0.86,-0.19,-0.18,0.25,1.73,,-0.43,-0.10,-0.24,0.42,0.92,0.10,1.12,-0.41,0.00,0.54,0.24,-0.21,0.34,0.39,-0.30,0.37,0.86,0.64,0.73,0.67,0.09,0.08,0.00,0.35,0.25,0.19,-0.19,-0.49,0.79,1.82,0.38,0.18,-0.10,-0.09,1.42,0.41,0.67,0.10,0.31,1.77,0.44,0.10,0.85,-0.03,0.49,0.32,2.20,-0.10,2.60,-0.63,0.02,1.25,1.85,0.23,0.46,12.66,0.26,0.00,0.58,0.68,0.28,0.10,-0.07,-1.24,-0.18,0.41,0.30,0.10,0.50,0.18,0.43,1.03,-0.63,1.40,0.45,0.90,0.55,0.66,1.18,0.18,-23.81,-0.21,1.65,0.15,0.75,1.10,4.40
April,2019,0.85,1.08,1.05,-0.24,0.17,3.44,-0.07,-0.40,0.09,0.38,1.46,0.00,-0.98,0.47,0.11,0.53,-0.34,0.15,-0.33,0.04,0.10,0.14,0.58,-0.27,-0.07,0.60,0.82,0.47,0.20,0.27,0.09,0.39,0.35,0.40,0.51,0.08,0.56,0.77,0.42,0.09,0.96,0.42,-0.54,0.29,0.53,0.01,0.17,0.50,0.97,1.29,1.82,0.58,-0.17,0.29,0.16,0.56,0.20,0.62,0.85,1.29,-0.42,-0.87,0.99,0.14,0.60,0.70,0.71,0.92,0.49,1.73,0.83,0.44,0.93,0.39,4.02,-0.76,0.37,0.30,0.19,0.10,0.49,0.30,0.56,0.79,-0.37,0.33,0.20,-0.15,0.36,0.00,0.72,0.47,,-0.13,-0.10,0.71,0.50,0.82,0.19,0.83,0.26,0.59,0.82,0.16,0.40,0.08,0.78,-0.40,0.51,1.27,0.13,0.95,0.29,0.00,,0.00,-3.89,0.00,0.35,0.00,0.00,0.94,0.96,0.66,0.36,0.58,0.19,1.27,0.28,0.23,0.29,1.09,0.58,0.68,0.29,0.85,0.51,0.61,0.29,0.85,0.05,2.80,0.24,-0.22,-0.86,2.55,0.16,0.71,7.19,0.42,0.65,0.23,0.77,0.66,0.23,0.15,0.29,0.03,0.44,1.00,0.00,-1.69,-0.28,0.80,1.69,0.75,0.51,0.78,1.00,0.43,0.47,0.91,0.36,25.00,0.31,-0.16,0.13,0.58,0.73,5.46
May,2019,0.36,1.09,1.09,-1.01,0.97,3.06,-0.44,-1.90,0.19,-0.43,0.45,0.09,1.69,0.52,-1.18,0.12,-0.40,-0.17,0.23,0.33,-0.20,0.46,0.17,1.34,-0.72,0.10,-1.69,0.37,0.29,0.63,0.00,0.39,0.00,-0.12,0.25,0.47,0.14,0.92,0.14,0.65,0.19,0.35,0.57,-0.10,-0.03,0.99,0.00,1.12,0.19,0.27,4.28,-0.19,0.43,0.10,0.61,0.28,0.51,1.09,0.83,0.95,-0.80,0.15,-1.07,0.13,0.26,0.42,-0.10,0.36,0.59,1.44,0.64,0.71,0.67,-0.10,1.52,-0.57,0.18,0.69,0.00,0.81,0.13,0.00,0.56,0.74,0.12,0.19,-1.49,-0.08,0.17,0.18,0.54,0.12,,-0.15,-1.41,1.10,0.54,0.27,0.28,0.18,0.28,0.67,1.37,0.32,0.32,-0.25,0.48,0.10,0.13,1.07,0.17,1.51,-0.31,0.18,,0.00,-0.81,0.25,-0.06,0.45,0.59,1.11,0.77,-0.19,-0.27,1.19,0.19,0.78,0.09,0.08,0.20,0.23,0.10,0.16,0.77,0.43,-0.56,0.46,0.34,0.84,0.03,5.21,0.04,0.57,0.00,-0.08,0.13,-0.25,5.30,0.38,0.50,0.35,0.96,0.28,0.01,0.18,2.70,1.36,0.48,1.00,0.10,0.91,0.00,0.49,0.95,0.14,0.35,0.35,0.70,0.40,0.19,0.74,-0.45,-5.00,0.49,1.13,-0.19,0.33,0.85,12.62
June,2019,0.82,-0.91,1.08,-0.28,-0.03,2.72,-1.91,-1.90,0.09,-0.47,-2.60,-0.09,-1.76,-0.29,0.31,-0.61,0.20,-0.06,-0.49,-0.06,0.00,0.16,0.00,0.16,0.01,0.20,-0.10,-0.19,-0.10,0.09,-0.09,0.58,0.17,0.22,0.33,0.59,0.27,0.84,0.11,0.18,0.28,0.10,0.24,-0.19,-0.18,-0.28,-0.04,-0.80,-0.10,0.18,1.41,0.10,-0.09,0.29,0.46,0.00,-0.98,1.09,0.80,0.44,0.01,-0.37,0.39,-0.38,0.83,0.43,0.71,0.09,-0.29,1.84,-0.18,0.53,0.67,0.20,0.78,0.39,0.46,-0.59,0.10,-0.10,0.52,-0.20,0.11,0.40,0.59,-0.39,1.10,-0.47,-0.16,0.53,0.25,-0.84,,0.02,-0.20,0.39,0.27,-0.18,-0.09,0.37,0.30,0.17,-0.21,0.65,0.24,0.00,-1.11,1.30,0.09,0.59,-0.69,0.78,-0.23,0.37,,-0.96,-0.18,0.00,0.12,-0.03,0.49,1.07,0.09,-0.09,0.09,1.14,0.19,0.36,-0.33,-0.06,-0.10,0.31,0.00,0.33,-0.19,-0.48,0.46,-0.24,0.04,-0.08,0.23,5.10,0.42,-0.29,0.00,1.27,-0.14,-0.25,0.07,0.60,0.29,0.06,0.28,-0.19,0.08,0.02,1.60,0.81,-0.36,0.40,0.00,0.20,-0.09,0.32,0.03,0.33,-0.17,-0.10,-0.51,0.64,0.09,-0.46,0.54,-31.58,-0.09,0.40,-0.33,0.33,0.75,39.19
July,2019,0.06,-1.08,1.51,-0.11,-0.79,2.20,-1.94,-0.40,-0.37,0.05,0.64,0.09,0.80,0.22,1.25,0.77,-0.33,0.72,-0.56,0.19,0.10,0.23,0.17,0.53,0.47,0.20,0.11,0.46,-0.49,0.18,0.37,-0.38,0.26,0.44,0.17,-0.08,0.73,-0.23,-1.25,0.37,0.47,0.37,0.43,0.58,0.47,-0.70,0.09,1.76,-0.57,-0.18,1.43,-0.29,-1.63,-0.19,-0.33,0.09,-0.02,0.35,1.16,0.48,1.34,-0.37,-1.47,-0.04,-0.06,0.25,0.40,0.27,-0.49,1.56,0.18,0.35,0.91,-0.20,2.77,0.00,-0.27,-0.30,0.00,1.01,0.04,0.00,0.22,0.30,-0.06,0.45,-0.14,0.24,-0.31,0.26,0.79,-0.46,,-0.80,0.72,0.15,0.08,-0.36,-0.66,-0.91,0.22,-0.83,-0.21,0.08,-0.73,0.42,0.19,0.59,-0.37,2.52,-0.06,-0.04,-0.31,0.73,,0.00,0.91,0.08,0.24,0.27,-0.78,1.01,0.35,1.04,0.72,0.63,0.47,2.29,0.22,0.23,0.29,0.00,-1.34,-0.04,-0.10,0.18,-0.18,-0.20,0.20,-0.11,0.28,7.73,0.26,-0.45,0.77,2.21,-0.26,-0.25,10.00,0.13,0.29,0.12,-0.66,0.47,0.11,0.06,-2.04,-1.24,0.06,0.90,-0.20,0.20,0.37,0.24,1.36,-0.11,-0.36,-0.40,-0.59,0.76,0.19,-0.38,0.18,30.77,0.18,1.54,-0.12,0.33,0.45,21.03
August,2019,-0.25,0.09,1.44,0.35,0.33,3.95,-0.44,0.20,0.09,-0.32,0.82,0.00,-1.18,-1.49,1.24,0.07,1.24,-0.39,-0.29,-0.23,0.10,0.50,0.08,1.94,-0.31,0.00,-0.06,-0.09,0.00,0.18,0.74,-0.96,0.17,-0.02,0.08,0.15,-0.10,0.23,0.30,0.09,-0.19,0.21,-0.09,-0.39,0.34,1.05,-0.10,0.65,-0.10,0.73,2.37,0.39,0.61,0.48,-0.25,0.28,0.79,0.41,0.37,0.72,-0.12,0.59,-0.50,-0.01,-0.86,0.10,0.20,0.06,-0.29,1.62,-0.18,0.09,0.33,0.49,0.00,0.29,0.27,0.20,0.39,0.80,0.07,0.20,0.22,0.20,0.03,0.58,0.24,0.47,0.24,0.17,0.76,0.01,,-0.09,0.92,0.23,0.28,-0.36,1.24,0.18,0.30,0.33,-0.03,0.32,0.64,0.00,0.30,-0.69,0.14,0.43,0.05,0.29,0.11,0.63,,0.29,1.62,0.25,0.10,-0.18,0.39,0.99,-0.03,0.47,-0.72,2.58,0.09,1.64,-0.28,0.11,0.10,0.00,-0.10,0.15,-0.10,0.31,1.18,0.06,-0.24,1.78,0.19,4.35,1.91,0.62,0.10,1.82,-0.36,0.00,4.16,0.38,0.36,0.23,0.38,-0.47,0.29,0.04,-0.66,-1.59,-0.19,0.90,0.10,0.50,0.09,0.56,0.86,-0.02,-0.51,0.40,-0.30,0.88,-0.09,2.91,0.00,5.88,0.28,-0.08,0.50,0.24,0.74,18.09
September,2019,0.20,-0.66,1.45,0.09,-0.74,5.89,0.20,0.60,0.47,0.35,0.91,-0.46,-0.40,-0.21,1.85,-0.34,-0.81,0.30,0.45,0.46,-0.10,-0.08,0.00,0.98,0.71,0.10,-0.42,-0.46,-0.10,0.00,0.83,0.19,0.09,-0.01,0.25,-0.68,-0.10,0.60,0.57,-0.55,0.00,0.24,-0.08,-0.19,0.38,1.22,-0.01,-0.03,0.00,-0.18,1.70,0.00,-0.35,-0.38,-0.10,0.09,1.69,-0.05,1.05,0.55,0.64,0.07,2.10,0.55,-0.58,0.20,0.00,0.15,0.79,1.59,0.09,-0.26,0.65,-0.20,1.11,-0.29,0.09,-0.20,-0.58,0.40,-0.33,0.10,0.22,0.15,0.30,-0.03,0.20,-1.29,0.37,0.35,1.31,0.31,,-0.07,0.20,0.69,0.36,0.91,-0.19,0.00,0.21,-0.25,0.85,0.16,-0.23,0.25,-0.62,0.10,0.33,0.46,0.12,0.03,0.10,0.40,,-0.68,1.77,0.00,0.32,-0.48,-0.10,1.04,-0.14,-0.65,0.45,-0.15,-0.56,0.77,-0.05,0.04,0.10,0.00,1.07,-0.41,0.29,0.33,-0.75,0.08,-0.16,1.65,0.23,3.34,0.41,-0.06,0.38,0.18,-0.15,-0.45,14.24,0.30,0.50,0.11,-0.19,0.47,0.11,-0.14,0.67,-0.58,0.10,0.60,0.20,-0.10,0.00,0.64,0.99,0.15,-0.08,0.67,0.70,0.52,0.09,1.34,-0.27,-61.11,0.32,0.08,-0.12,0.33,1.22,17.71
October,2019,0.49,0.24,1.38,-0.21,-0.16,3.29,0.55,1.10,0.19,0.42,0.54,0.37,0.80,0.54,0.51,0.80,0.56,-0.45,0.75,0.54,0.10,0.45,0.08,0.41,-0.16,0.10,-0.49,0.28,-0.20,0.81,0.91,-0.10,0.43,0.39,0.17,0.37,-0.07,0.00,0.40,0.46,0.09,-0.15,-0.16,0.39,0.67,-0.11,0.52,1.00,0.96,-0.09,-0.17,0.10,-0.70,0.00,-0.07,-0.09,0.77,0.34,0.38,0.44,0.11,3.68,0.10,-0.16,0.70,0.20,0.30,0.24,0.49,1.73,0.64,0.00,0.89,-0.29,1.76,0.58,0.36,0.39,-0.10,0.59,0.37,0.29,0.66,0.33,0.57,-0.11,0.14,-0.06,0.25,0.00,0.72,1.36,,-0.19,-0.81,1.00,0.30,0.09,0.00,0.37,0.29,0.33,0.87,0.24,0.28,0.51,-0.11,-0.89,0.30,0.46,0.54,-0.33,0.31,0.31,,-0.49,2.18,0.16,0.19,0.13,0.39,1.07,0.34,0.47,0.18,0.68,0.19,1.81,-0.05,0.14,0.29,0.23,0.10,-0.33,0.38,-0.31,-0.83,0.43,0.13,1.35,0.05,2.02,0.38,-0.22,1.04,-0.13,0.04,0.15,3.53,0.81,0.63,-0.06,0.00,0.00,-0.05,1.33,-0.76,-0.19,-0.16,0.10,-0.40,0.50,0.00,0.79,2.00,0.02,-0.07,0.18,0.70,0.75,0.28,1.54,0.00,-14.29,0.59,-0.19,-0.04,0.00,0.94,38.74
November,2019,0.04,0.76,1.53,-0.15,0.12,4.25,1.05,1.30,0.19,0.46,0.71,0.00,1.79,-0.74,0.11,0.52,-0.15,0.01,0.07,0.23,-0.20,1.11,0.49,0.51,0.07,0.10,0.12,-0.09,-0.20,0.09,0.36,1.06,0.26,0.77,0.08,0.04,0.21,0.07,0.31,0.28,-0.75,0.31,-0.27,-0.19,0.37,-0.62,-0.70,-0.30,0.19,-0.18,0.63,-0.10,0.18,0.00,-0.06,0.18,0.87,0.64,0.61,0.50,-0.97,0.95,-0.49,-0.04,0.44,-0.28,0.10,0.30,-0.19,1.77,0.09,0.17,0.97,-0.10,1.57,0.00,0.18,-0.39,-0.19,1.38,0.07,0.10,0.65,0.60,0.93,0.14,0.57,0.36,-0.56,0.00,0.36,1.96,,0.36,0.92,0.76,0.28,0.00,0.00,-0.18,0.05,0.41,0.78,0.24,-0.13,0.84,-0.09,-0.30,0.34,0.42,0.15,-0.45,0.59,0.44,,0.59,2.22,0.08,0.14,0.06,-0.49,1.02,0.79,-0.47,0.27,0.20,-0.09,1.35,-0.01,0.10,0.29,0.08,-0.19,0.06,0.19,-0.31,0.22,0.22,0.28,3.81,-0.13,3.97,-0.33,0.32,0.28,0.20,0.12,0.15,-33.20,1.49,0.28,0.11,0.09,0.09,0.34,-0.30,0.19,0.98,-0.13,0.60,-0.10,-0.50,-0.09,0.47,0.38,-0.41,0.47,0.32,0.07,0.42,-0.09,1.73,0.36,0.00,0.96,-0.12,0.20,0.08,1.00,17.47
December,2019,1.13,1.69,1.91,0.84,-0.23,3.74,1.25,1.40,0.65,0.54,1.33,0.19,-0.78,0.52,-0.23,0.73,-0.90,-0.77,-0.15,0.54,0.10,-1.54,1.15,0.76,0.18,0.20,0.07,0.00,0.10,0.09,0.00,0.48,0.17,0.72,0.25,0.89,-0.12,0.07,-0.17,0.18,0.47,0.17,-0.28,-0.19,0.20,0.02,-0.01,-0.15,-0.10,-0.36,0.60,0.19,-0.44,0.48,0.40,0.00,0.42,0.27,0.43,0.63,0.93,0.75,0.59,0.05,0.60,0.01,0.00,0.42,-0.10,1.74,0.27,0.35,0.56,0.20,3.19,-0.19,0.09,0.00,0.19,0.39,0.17,0.00,0.76,0.71,0.92,0.82,0.10,0.40,0.24,0.17,-0.32,2.71,,-0.09,3.25,1.58,0.26,0.27,0.19,-0.27,0.20,0.00,0.86,0.56,0.48,0.58,0.31,-0.40,0.31,0.29,-0.05,0.59,1.28,-0.20,,0.19,2.25,0.16,-0.14,0.30,-0.30,0.85,1.02,0.09,-0.27,-0.23,-0.28,-0.34,-0.16,0.11,0.58,0.76,-0.10,-0.24,0.57,-0.24,0.46,0.42,0.36,-0.78,0.22,2.10,-0.73,0.19,0.00,0.42,0.10,0.51,0.75,1.87,0.14,-0.11,-0.19,0.47,0.28,0.27,0.09,0.00,0.01,0.80,0.89,0.20,0.00,0.23,0.74,0.06,0.61,0.40,-0.18,-0.03,-0.09,1.69,-0.54,-33.33,1.40,-0.81,0.24,0.24,1.58,16.54
January,2020,-0.10,1.07,2.05,1.91,-0.09,2.25,1.38,-0.20,-0.46,0.57,1.14,0.56,1.33,-0.52,1.17,0.92,0.00,1.27,0.51,0.86,-0.20,-0.03,0.24,-0.75,0.61,0.39,0.88,0.28,-0.30,0.62,1.44,0.28,0.09,-0.96,0.41,-0.30,0.11,0.15,-0.59,1.46,-0.57,0.08,-0.23,0.10,0.33,-0.12,0.23,0.67,-0.95,-0.36,0.74,-0.39,0.18,-0.48,-0.06,-0.18,0.71,1.46,0.36,0.09,0.05,0.52,-1.67,-0.02,-0.24,-0.46,-2.18,0.24,-0.29,1.56,0.90,0.26,0.00,-0.69,0.83,0.76,-0.72,-0.39,0.10,-1.06,0.05,0.00,0.64,0.56,0.60,0.47,0.76,-0.69,0.37,0.09,0.90,2.13,,-1.44,-2.96,1.48,0.51,0.45,-0.66,0.37,0.56,-0.08,0.63,0.39,-0.14,0.41,0.12,0.20,-1.55,-0.24,0.08,0.99,0.63,-0.04,,2.52,3.02,0.08,0.66,0.12,0.40,0.87,0.02,-0.75,0.00,-0.10,0.19,1.97,0.15,0.05,0.67,0.91,-0.87,-0.02,0.00,-0.32,-0.91,0.41,0.40,-0.40,-0.15,8.36,0.09,-0.24,5.14,1.51,-0.12,0.55,2.11,0.85,0.63,1.15,-0.76,-1.48,0.56,1.46,0.19,1.84,0.16,0.60,0.30,-0.30,0.28,0.62,1.35,0.60,0.43,0.32,0.18,2.09,0.37,0.59,0.36,275.00,1.23,0.73,0.77,0.24,1.77,2.23
February,2020,0.17,-0.54,1.72,0.36,-1.15,2.01,-0.20,0.50,0.09,0.71,1.30,0.00,1.28,0.96,-0.19,0.07,0.20,-0.54,0.06,1.00,0.50,-0.06,0.24,-1.51,0.53,0.10,0.30,0.46,0.20,0.44,0.80,0.36,0.09,0.26,0.74,0.12,0.29,-0.30,0.40,0.27,0.30,0.24,-1.17,0.58,-0.13,-0.58,-0.15,-0.01,-0.10,0.46,2.84,0.39,-0.44,0.00,0.11,0.28,0.33,0.42,1.13,1.02,-0.97,0.14,-0.50,-0.03,-0.40,-0.32,2.54,0.47,-0.29,1.76,0.36,0.26,-0.55,0.59,1.13,0.00,0.91,-0.10,-0.10,0.68,-0.05,-0.20,0.64,0.62,0.63,-0.08,0.07,0.11,0.07,0.09,-0.21,1.38,,-0.23,-0.20,0.00,0.28,-0.09,1.23,0.18,0.04,-0.25,-0.02,0.39,0.00,0.41,0.10,0.70,0.44,-0.03,-0.14,1.19,0.36,0.16,,0.66,1.27,0.00,0.31,-0.45,0.20,0.79,0.27,0.57,-0.09,0.29,-0.38,-1.04,-0.25,0.12,-0.38,0.68,-0.58,-0.06,0.19,-0.07,-0.01,0.25,0.33,1.68,0.33,7.79,-0.28,0.07,0.27,2.05,-0.13,0.60,30.07,0.33,2.49,0.11,0.57,0.47,0.70,0.42,2.18,-0.09,-0.08,0.40,-0.98,0.30,0.00,0.00,0.35,-1.07,1.12,0.20,-0.29,0.61,0.28,0.84,0.09,-6.67,-0.17,0.69,-0.20,0.97,1.94,13.53
March,2020,,0.20,1.84,0.56,0.90,3.34,0.54,0.90,0.28,0.98,0.26,-0.09,-0.45,-0.25,0.44,-0.63,-1.10,0.10,-0.09,0.85,-0.20,0.11,0.08,0.15,0.31,0.10,1.37,-0.64,0.00,0.35,-1.23,0.12,0.34,0.80,0.49,0.00,-0.03,,0.11,-0.09,0.20,0.27,0.60,-0.29,-0.52,1.24,0.20,0.61,-0.38,-0.64,2.96,-0.19,-0.35,0.10,-0.19,0.00,0.65,0.82,1.10,0.23,0.93,0.21,1.60,-0.37,0.48,0.34,-0.10,0.30,0.20,1.73,0.18,0.17,-0.64,0.39,1.47,0.38,0.18,0.40,0.10,-0.29,0.52,0.00,0.95,0.28,1.50,0.45,0.03,0.06,-0.22,0.09,0.16,7.29,,0.06,-0.30,-1.31,0.25,0.00,-0.66,0.27,-0.25,0.41,0.09,0.63,-1.12,0.00,0.19,-2.18,0.46,-0.76,-0.28,0.81,0.22,0.18,,0.75,-0.78,-1.23,0.10,-0.19,0.39,0.84,-0.09,0.19,0.00,-0.27,-0.47,0.04,-0.44,0.61,-0.19,0.22,1.37,-0.11,0.19,0.72,-0.91,0.50,0.55,1.88,0.14,-40.12,0.09,-0.35,0.00,2.62,0.08,-0.10,2.62,0.30,9.94,0.00,-0.76,-0.09,0.35,0.82,0.19,0.00,-0.86,1.60,0.30,0.20,0.09,0.85,0.57,-0.45,1.08,-0.12,0.80,1.33,-0.18,1.32,-0.27,-71.43,-0.72,0.51,-0.09,0.40,1.24,26.59
April,2020,,,2.06,-0.42,-0.98,1.50,0.89,-0.10,0.00,0.09,1.87,0.00,0.08,-0.43,0.56,-0.63,-2.13,-0.95,-1.62,0.58,0.00,0.42,-0.32,,0.24,0.88,0.66,-0.65,-0.30,-0.09,-0.89,0.28,0.51,2.65,0.16,-0.28,-0.44,,-1.50,-0.18,0.10,0.36,0.03,-0.10,-0.82,0.28,1.00,1.25,0.29,-0.46,2.04,-0.39,1.33,0.00,0.49,0.00,0.94,3.23,2.84,-0.57,-0.49,-0.19,-0.49,-0.84,0.71,0.14,0.10,0.38,-0.20,1.98,-0.62,0.00,0.96,-0.39,2.14,-1.13,0.54,-0.30,0.10,0.82,-0.98,-0.10,0.84,0.95,2.17,-0.58,,-0.63,-0.44,-0.09,0.47,25.36,,-0.31,0.00,-0.30,0.69,0.09,0.00,-0.55,-0.16,-0.08,0.17,0.47,-3.23,-1.07,0.12,-0.30,0.22,-0.04,-0.75,-0.75,0.52,0.00,,1.30,-4.18,-2.73,-0.34,0.25,1.17,1.02,-0.17,0.47,0.45,0.62,-0.48,-0.84,-1.27,0.41,-0.10,-0.07,0.39,0.00,-0.19,-0.89,-1.24,0.25,0.83,-1.83,-0.12,2.80,1.04,-0.92,-0.44,2.12,-0.36,0.05,6.52,1.78,7.81,0.00,-0.86,-0.38,1.09,3.23,1.85,0.54,-2.03,2.20,0.10,-0.79,0.09,0.84,0.85,-0.21,0.39,0.90,0.80,2.00,-0.64,1.70,0.09,,-1.54,-2.80,-0.32,-0.64,2.21,17.65
May,2020,,,1.94,-0.84,0.09,1.54,-0.15,-1.40,-0.56,-0.52,1.84,-0.09,0.74,3.92,-1.75,-0.33,0.62,0.77,-0.78,-0.15,-0.20,-0.02,-0.40,,-0.17,0.00,-0.18,0.28,0.00,0.00,-0.81,0.38,-0.26,-0.74,-0.32,-0.48,-0.15,,-0.13,0.36,0.00,-0.60,0.06,-0.10,-0.11,0.97,-0.26,-0.01,0.00,-0.64,1.73,0.00,0.00,0.10,0.55,0.00,0.20,1.72,0.74,0.74,0.14,0.79,-0.79,-0.02,0.19,0.18,-0.30,-0.64,0.10,2.29,0.45,0.09,0.24,-0.49,2.54,-0.10,0.54,-0.30,-0.19,0.05,-0.65,-0.10,0.52,0.10,-1.21,0.64,,-0.59,-0.06,0.26,0.18,6.94,,-0.20,-1.31,0.45,0.33,-0.54,-0.19,-0.37,-0.10,-0.20,0.22,0.08,0.05,0.41,0.39,0.81,-0.05,0.08,0.06,0.14,-0.60,0.09,,-1.38,-1.48,0.26,0.35,-0.54,0.97,1.17,0.46,-0.09,0.18,0.34,0.19,0.32,-0.01,0.01,0.00,-0.22,-0.48,0.00,-0.56,-0.90,-0.59,0.04,0.27,0.68,-0.21,125.38,-0.66,0.47,-0.98,0.26,0.23,-0.25,3.90,0.76,4.85,0.23,0.87,0.66,0.09,1.72,0.00,0.57,0.01,0.50,0.20,-0.40,-0.09,0.53,1.36,-0.10,0.22,0.36,0.29,0.57,0.00,0.28,-0.99,,-0.03,-2.00,-0.29,-0.56,1.59,15.14
June,2020,,,1.74,-0.57,0.33,2.24,-1.41,-2.10,0.47,-0.33,-3.28,0.00,-0.14,-1.29,0.95,-0.39,-0.62,-0.47,0.13,0.19,0.20,0.36,0.32,-0.36,0.10,-1.25,0.56,0.84,0.00,-0.09,0.00,1.03,0.17,-2.39,-0.32,0.05,-0.02,,-0.42,0.63,0.10,1.05,-0.02,0.10,1.70,0.16,-0.62,0.09,0.48,0.93,2.87,0.19,-1.92,0.10,0.29,0.18,-1.36,1.00,0.56,0.19,0.95,0.23,0.00,-0.05,1.41,0.17,-0.10,0.44,0.10,2.99,0.45,0.17,0.63,0.30,2.00,-0.19,0.45,-0.10,0.10,1.36,0.12,-0.20,0.52,-0.31,-0.64,0.44,,0.33,0.27,0.35,0.08,20.21,,0.01,-0.20,1.40,1.19,0.54,0.47,0.18,-0.43,-0.29,-0.01,0.31,-0.41,0.58,0.81,1.82,0.16,0.54,0.09,0.33,-0.55,0.18,,-1.96,-0.33,1.02,0.20,-0.25,0.38,1.21,0.75,0.28,0.18,-0.10,0.38,0.82,0.52,-0.18,0.58,0.60,0.87,-0.70,-0.38,-0.47,0.27,0.08,0.22,0.24,-0.30,15.96,-0.19,0.02,-3.51,0.29,0.58,0.60,-20.24,0.67,3.21,-0.11,1.25,0.56,-0.07,1.00,1.09,0.18,1.56,-1.10,,-1.20,-0.18,-0.15,1.13,0.80,-0.16,0.33,0.22,0.02,0.55,-0.20,0.00,-166.67,0.66,-0.81,-0.41,0.48,0.21,31.66
July,2020,,,1.77,-0.52,-0.57,1.93,-2.10,-0.10,0.19,-0.28,-0.08,0.28,0.92,0.49,0.78,0.47,0.41,-0.07,-0.34,0.19,0.00,0.14,0.32,0.05,-0.13,0.20,0.05,0.00,-0.10,0.09,-0.36,-0.37,0.43,-0.59,0.00,0.42,0.26,,-0.76,0.45,-0.80,1.55,0.22,0.78,1.88,-1.09,-0.61,0.38,-0.96,0.00,2.05,0.39,0.36,0.38,0.41,0.37,-0.47,0.56,1.17,0.18,1.23,-0.63,-1.70,0.13,0.42,0.11,-2.88,0.71,-0.49,2.37,1.07,-0.09,1.18,-0.20,6.40,-0.19,0.09,0.20,-0.19,0.49,0.08,0.10,0.21,0.08,-0.56,0.36,,0.08,-0.08,0.43,0.64,11.42,,0.23,0.61,0.00,0.73,-0.27,-0.47,0.28,-0.44,-0.29,-0.23,0.15,2.81,0.66,-0.26,1.78,-0.47,0.10,-0.35,0.57,-0.20,-0.09,,-0.29,0.42,0.67,0.18,0.14,1.62,1.25,0.18,1.12,0.71,0.86,-0.19,2.50,-0.40,0.61,0.48,-0.22,-1.25,0.28,0.47,-0.02,-0.23,0.01,0.35,1.02,5.87,11.11,0.94,-0.32,-1.31,1.26,-0.09,0.20,7.79,0.23,2.48,0.11,-0.09,0.19,0.14,0.56,0.18,-0.73,0.66,0.30,,0.51,0.18,0.15,0.58,0.12,-0.20,-0.18,-0.61,0.55,0.46,-0.29,-0.45,-150.00,0.40,1.29,-0.33,1.36,0.34,35.53
August,2020,,,1.83,0.23,-0.14,2.70,-0.15,-0.20,-0.19,-0.18,-0.17,0.00,-0.52,1.14,1.38,0.04,0.31,0.48,-0.21,0.17,0.10,0.54,0.24,1.95,-0.15,0.19,-0.22,-0.18,0.00,0.09,1.36,-0.99,0.17,-0.59,0.00,-0.01,0.00,,0.59,0.00,0.00,-2.05,1.01,-0.38,0.78,0.11,-0.32,-0.15,0.10,0.64,0.45,0.00,-0.89,-0.10,-0.07,-0.37,-0.02,-0.39,0.17,1.30,-0.90,-0.32,-0.61,0.00,0.40,0.47,2.25,0.18,-0.20,3.28,0.00,0.00,0.62,-0.10,3.51,0.38,0.44,0.00,0.29,0.18,0.06,0.10,0.10,0.20,-0.24,-0.12,,-0.12,0.56,0.43,1.45,3.61,,1.67,1.12,0.36,0.70,-0.18,0.85,-0.55,0.07,1.38,-0.78,0.31,0.54,0.41,0.49,0.68,-0.06,0.56,0.05,-0.91,0.06,0.09,,0.38,1.19,0.17,0.42,0.04,0.94,1.34,-0.59,-0.55,-0.35,1.33,0.19,0.63,0.02,0.09,-0.10,-0.08,-0.29,-0.02,0.47,0.03,0.48,-0.05,-0.04,1.19,0.23,14.21,2.15,0.63,-0.66,1.84,-0.60,-0.10,8.04,0.21,1.65,-0.11,-0.09,-0.09,0.30,-0.39,2.42,0.63,0.29,0.20,,-0.10,0.18,0.30,0.86,0.15,-0.52,0.23,-0.18,0.57,0.37,0.50,0.27,-200.00,0.07,0.66,0.10,0.16,0.47,8.44
September,2020,,,1.79,0.37,-0.52,2.84,-0.18,0.50,0.37,0.11,0.51,-0.37,-0.31,0.16,2.13,-0.63,1.34,-0.12,0.13,0.94,0.10,-1.00,0.64,-0.40,0.10,0.78,-0.59,0.00,0.00,0.70,0.18,-0.60,0.00,-0.05,0.33,-0.02,0.27,,0.86,-0.62,0.00,-0.96,-0.59,-0.10,0.60,1.13,-0.16,0.29,0.10,-0.27,0.56,0.00,-0.54,-0.57,0.15,0.37,0.70,-0.17,0.62,0.30,-0.11,-0.25,2.04,0.12,0.16,0.28,-2.10,0.32,0.88,-0.50,-0.35,-0.09,0.62,-0.39,3.56,0.19,0.44,-0.10,-0.68,0.22,0.34,-0.20,0.31,0.00,0.70,0.42,,0.01,0.55,0.17,0.16,5.34,,0.18,-0.30,0.80,0.21,0.36,-0.09,0.09,-0.23,0.29,-0.26,0.46,0.07,0.16,-0.21,-0.48,0.09,0.65,0.71,-0.31,0.32,0.44,,0.66,1.34,0.00,0.32,-0.37,-0.47,1.48,-0.20,-0.19,0.36,0.84,-0.47,1.54,0.06,0.16,0.10,0.22,0.97,0.10,0.28,1.26,0.27,-0.14,-0.07,1.58,-0.16,20.94,0.27,0.33,0.29,0.52,-0.24,-0.50,8.56,0.99,4.20,0.06,-0.38,0.00,0.36,-0.17,-2.36,-0.76,-0.11,0.30,,0.61,0.27,0.60,0.97,-0.09,-0.28,0.31,0.47,0.64,0.09,1.40,-0.09,,0.12,-1.26,-0.07,0.08,1.40,3.82
October,2020,,,1.81,0.24,0.04,3.76,0.46,1.30,0.28,0.17,1.19,0.28,0.41,0.63,0.97,0.64,-1.52,0.60,0.72,0.59,-0.70,0.27,0.88,1.11,0.46,0.48,-0.72,0.37,0.00,0.69,-0.27,1.04,0.42,0.02,-0.08,-0.11,0.08,,0.56,0.18,0.20,0.15,-0.31,0.19,0.66,1.68,-0.19,1.80,0.58,-0.55,0.39,0.10,-0.36,0.00,-0.12,0.00,0.80,0.19,0.55,0.83,-0.10,-0.57,0.30,0.00,1.06,0.18,2.45,0.49,0.39,-1.19,0.18,0.09,1.23,-0.59,7.04,0.76,0.44,0.30,0.20,0.76,0.29,-0.10,0.72,0.95,2.28,0.74,,0.27,-0.56,0.51,-0.24,3.89,,-0.20,-0.51,0.14,0.02,0.09,0.00,-0.09,-0.06,0.10,0.11,0.31,0.02,0.65,0.07,2.04,0.47,-0.07,-0.13,0.55,0.53,0.18,,0.09,2.53,0.08,0.05,0.03,-1.50,1.54,0.23,0.56,0.27,-0.03,-0.10,1.70,-0.14,-0.13,0.38,0.08,0.10,0.23,0.47,0.51,-0.17,0.22,0.43,0.01,0.07,7.75,0.18,-0.43,-0.19,-1.88,0.22,0.10,8.93,1.78,7.09,0.11,0.29,-0.09,,0.19,-0.54,0.01,0.05,1.80,,-0.10,0.00,0.83,2.13,0.34,-0.09,0.43,1.01,0.58,0.09,1.44,0.09,,0.09,-1.92,0.19,0.39,1.25,4.38
November,2020,,,1.99,-0.53,-0.11,3.16,1.27,3.40,0.09,0.49,2.59,-0.18,-0.49,-0.82,-0.76,0.11,-0.21,-0.06,0.07,0.66,0.40,-0.27,0.87,1.20,0.19,0.19,-0.36,0.18,-0.30,-0.17,-0.63,-0.28,0.00,1.37,-0.16,-0.15,0.00,,0.47,0.00,-0.20,0.14,-0.55,-0.10,0.60,-0.39,-0.01,0.82,0.10,0.18,0.39,-0.10,-0.36,0.19,0.02,-0.09,0.89,0.29,0.52,0.68,0.17,0.00,-0.80,0.13,0.55,0.06,0.10,0.46,-0.29,0.51,-0.26,0.26,0.30,0.30,5.16,-0.95,0.00,-0.20,-0.10,0.63,0.13,-0.30,0.81,1.07,1.83,0.10,,0.18,-0.09,0.25,-0.41,0.52,,-0.43,1.22,0.50,0.34,-0.18,-0.19,-0.28,-0.08,-0.68,0.16,0.30,0.12,0.08,0.03,-2.19,0.26,-0.11,-0.28,0.48,0.66,0.88,,0.19,2.05,-0.17,0.10,0.19,-0.95,1.60,0.74,-0.83,-0.71,0.44,-0.10,0.82,-0.10,0.34,0.95,0.07,-0.29,0.09,0.65,-0.37,-0.39,0.13,0.71,-0.81,-0.10,11.69,-0.55,0.40,0.19,-0.77,0.15,0.05,6.83,0.52,1.54,0.06,-0.76,0.00,,0.29,-0.81,-0.29,-0.04,1.80,,0.40,0.09,-0.07,2.30,-0.05,0.34,-0.51,1.32,0.28,-0.09,1.53,0.00,,-0.01,-0.40,0.10,0.00,2.19,3.15
December,2020,,,2.06,0.28,0.09,4.01,3.35,2.20,0.55,0.79,0.41,0.00,-1.71,-1.58,-0.45,0.52,1.14,0.16,-0.17,1.23,0.30,0.22,1.34,0.05,-0.09,0.10,1.65,-0.18,-0.10,0.35,0.72,1.08,0.17,0.49,0.41,-0.09,0.53,,-0.70,-0.18,0.10,0.12,0.27,-0.19,0.48,0.10,-0.03,-0.41,0.29,0.00,-0.11,0.19,0.18,0.29,-0.01,0.27,-0.96,0.93,0.36,0.53,0.86,-0.52,0.40,0.15,-0.01,-0.20,-0.50,0.60,-0.58,1.01,0.35,0.43,-0.91,0.30,2.04,3.25,0.17,-0.10,0.20,1.29,-0.31,-0.20,0.91,0.98,2.35,0.01,,-0.19,0.24,0.34,0.01,8.15,,0.32,3.00,1.00,0.27,0.00,0.28,0.00,0.22,-0.49,0.32,0.68,0.03,0.40,0.36,-2.04,0.22,,0.05,-0.38,1.52,-0.26,,-0.19,2.55,0.50,0.01,0.21,-0.10,1.61,1.30,0.19,0.44,-1.30,-0.19,-0.68,0.31,0.04,0.85,0.07,-0.10,0.14,0.56,0.30,0.02,0.35,0.83,-1.30,-0.22,6.42,-0.64,0.36,-1.14,0.25,0.20,0.05,-10.72,0.52,2.95,-0.06,-0.29,0.74,,0.93,-1.27,0.47,0.15,0.40,,1.20,-0.09,0.30,1.25,0.01,0.79,0.18,0.91,-0.19,0.09,1.55,-0.09,,0.10,0.20,0.63,0.16,3.15,4.22
January,2021,,,1.50,1.26,0.15,4.05,2.21,0.60,-0.73,1.20,-0.16,0.46,-0.30,0.17,0.91,0.20,-1.12,0.88,0.41,1.14,0.60,0.47,0.23,-0.30,0.47,0.48,2.45,0.55,0.10,0.69,0.94,0.22,-0.17,0.78,0.41,-0.35,0.18,,-1.06,1.34,1.20,0.16,0.81,0.19,0.97,0.58,0.12,-0.43,0.00,0.64,1.65,0.29,1.72,0.10,-0.11,-0.09,1.13,0.97,2.17,1.90,-0.46,0.43,-1.40,0.24,0.15,1.03,1.30,0.40,0.10,1.19,0.88,0.26,-0.53,0.10,1.82,0.83,0.00,-0.10,0.68,-1.61,0.10,0.49,0.60,0.63,0.96,0.20,,0.87,0.71,0.08,-0.25,2.84,,-0.14,-3.21,0.64,0.31,0.45,0.66,0.37,0.24,0.10,0.46,0.83,0.25,0.80,-0.22,0.30,-1.41,,0.30,0.83,1.18,0.35,,0.85,3.08,1.24,0.95,0.19,1.05,1.49,0.26,-0.19,1.06,0.52,0.00,-0.21,0.31,0.80,1.12,1.26,-0.39,0.15,0.46,-0.67,1.23,1.32,0.67,-0.83,0.22,18.63,-1.38,-0.03,2.40,2.48,0.27,0.45,-5.12,-0.23,2.56,0.34,-0.38,-0.37,,0.97,-1.20,1.24,0.09,0.70,,0.69,0.37,0.67,1.68,0.37,0.80,-0.12,1.29,1.60,0.45,1.00,0.27,,0.06,0.28,0.47,0.39,3.70,5.43
February,2021,,,2.07,1.10,-0.41,3.57,0.57,1.00,0.46,1.63,0.81,0.18,-0.01,-0.42,0.09,0.60,-0.10,0.10,0.47,1.94,0.69,0.16,0.85,,0.47,0.29,1.03,0.46,0.20,0.17,0.59,1.28,0.08,0.87,0.65,0.34,-0.26,,0.11,0.18,0.59,0.19,,0.58,0.68,0.42,0.08,0.15,-0.57,0.82,4.00,0.38,2.05,0.00,0.15,0.09,1.06,0.73,1.15,-0.11,-0.56,-0.40,0.20,0.24,0.32,0.00,0.30,0.17,0.29,1.05,0.70,0.09,0.69,0.40,2.49,0.74,0.70,0.30,0.10,-0.14,0.69,0.00,0.70,0.70,1.07,-0.92,,0.07,0.53,0.17,-0.30,4.59,,-0.28,-0.30,0.49,0.43,0.27,-0.74,0.46,0.27,0.10,0.38,0.37,-0.05,0.64,0.07,0.99,0.30,,0.45,1.15,1.34,0.44,,0.84,1.87,0.33,0.36,0.66,1.14,1.54,0.85,0.93,0.70,-0.55,-0.10,1.80,0.58,-0.01,0.09,0.51,-0.39,0.33,0.09,0.32,-0.09,0.41,0.78,0.46,-0.13,14.84,0.47,0.57,3.66,1.48,0.62,0.64,4.82,0.46,1.31,0.23,0.29,0.28,,0.73,0.00,0.16,-0.91,0.90,,1.18,-0.09,-0.07,0.91,0.49,0.90,0.48,1.00,0.82,0.54,0.64,0.27,9.09,1.52,1.89,0.74,0.63,2.53,3.45
March,2021,,,1.79,0.66,0.06,4.81,0.98,1.30,1.10,0.86,2.02,0.27,0.83,0.63,0.57,0.06,-0.10,0.07,0.76,0.69,0.00,-0.11,1.00,,0.31,3.19,0.50,0.55,0.30,0.43,-0.49,0.18,0.42,-1.15,0.48,0.69,0.03,,1.30,0.18,0.49,0.43,,0.10,0.60,1.80,0.18,0.62,0.96,-0.18,3.12,0.29,-2.62,0.67,-0.04,0.27,4.19,0.86,0.85,1.16,0.80,-0.12,1.22,0.17,0.33,0.04,0.10,0.37,1.07,1.10,0.78,0.08,0.53,0.79,1.81,0.64,0.43,0.60,0.29,1.12,0.29,0.10,0.59,0.40,1.09,0.79,,0.06,0.26,0.25,0.68,8.33,,0.07,0.00,-0.49,1.06,0.98,1.41,0.73,-0.28,0.20,0.96,0.71,-0.20,0.87,0.47,0.59,0.67,,0.61,0.57,0.86,0.09,,0.56,0.94,0.33,0.49,-0.18,-0.38,1.56,0.23,0.28,-0.26,0.05,0.48,0.36,0.43,0.76,-0.28,1.02,1.36,0.41,0.09,0.40,0.16,0.39,0.66,1.37,-0.14,11.54,-0.47,0.22,1.63,0.84,0.78,0.49,3.17,1.07,2.13,0.51,0.29,0.18,,0.89,0.47,0.11,0.23,1.50,,1.26,0.09,0.74,1.08,-0.60,0.95,0.29,1.70,0.62,0.72,0.84,0.54,75.00,-0.27,1.40,0.41,0.62,1.74,2.26
April,2021,,,2.09,0.24,0.44,4.08,1.25,-0.40,-0.09,0.31,0.71,0.37,1.10,1.56,0.66,0.70,-0.31,0.33,-0.28,0.74,0.98,-0.07,0.30,-0.56,-0.47,2.94,0.37,0.54,0.20,0.34,-0.30,0.89,0.25,0.58,0.56,0.09,0.29,,0.82,0.53,0.29,0.17,,0.38,0.41,1.52,0.35,0.90,1.14,0.36,0.81,0.38,0.00,0.09,0.06,0.64,0.93,1.54,2.92,-0.67,-0.33,0.17,0.90,0.20,0.11,0.00,0.30,0.40,0.68,0.91,0.77,0.17,0.38,0.68,2.68,0.09,0.69,0.30,0.39,-0.55,0.10,-0.79,0.79,0.82,0.85,0.07,,0.18,0.14,-0.17,1.21,7.76,,0.66,0.00,0.07,0.96,0.88,0.09,0.91,0.18,1.17,1.48,0.77,0.08,0.31,0.69,0.49,0.70,,0.58,2.13,-0.03,0.09,,0.46,-5.06,0.16,0.36,0.32,0.66,0.97,0.11,0.46,0.35,0.69,1.53,1.03,0.12,0.05,-0.09,0.79,0.38,0.38,-0.09,0.93,0.06,0.45,0.58,-0.87,0.17,17.96,0.19,-0.17,-2.31,2.73,0.64,1.03,3.09,0.15,3.48,0.22,1.05,0.18,,1.51,0.28,-0.73,1.38,0.70,,0.38,0.36,1.10,1.68,0.67,0.52,0.29,0.70,0.50,0.81,1.53,0.54,0.00,-0.04,-0.03,0.33,0.77,2.15,1.59
May,2021,,,2.03,-0.91,0.25,3.32,-0.39,-0.80,0.27,0.05,1.73,0.18,1.96,1.68,-2.03,0.14,0.52,0.46,0.00,0.55,0.10,-0.16,0.83,0.76,-0.13,0.52,0.87,0.45,0.30,0.25,-0.10,-0.24,0.25,0.19,1.03,0.45,-0.01,,0.63,0.17,0.20,0.47,,0.19,0.65,-0.11,0.08,0.71,0.47,0.99,2.20,0.09,0.90,0.28,0.19,0.54,0.65,0.78,0.71,1.13,-0.09,0.63,-0.40,0.10,0.16,4.44,-0.20,0.20,0.19,1.02,0.51,0.34,0.45,0.10,0.75,0.00,0.51,0.39,0.00,1.21,-0.25,0.30,0.78,0.20,0.77,0.88,,-0.47,0.07,0.34,0.51,6.06,,0.37,-1.41,0.98,0.45,0.61,0.28,0.45,0.04,0.29,0.48,0.48,-0.54,0.23,0.66,1.26,0.35,,0.27,0.93,-0.31,0.26,,0.73,-1.74,0.00,0.26,0.01,0.47,1.01,0.05,0.09,-0.09,0.87,0.19,0.10,0.21,0.22,0.00,0.29,0.29,0.14,0.55,0.08,0.83,0.54,0.74,-1.65,0.18,17.19,0.37,0.80,-0.55,0.44,0.03,0.53,2.89,0.27,4.23,0.84,0.95,0.18,,0.78,1.39,2.72,-0.93,0.50,,-0.19,0.18,0.51,0.89,0.23,0.26,0.15,1.29,0.46,0.80,0.50,-0.09,28.57,0.16,0.57,-0.23,0.08,2.01,2.54
June,2021,,,2.05,-0.81,0.19,3.17,-0.84,-0.50,0.45,-0.49,-0.77,0.18,2.68,-0.13,1.31,-0.21,0.31,-0.14,0.12,0.65,0.39,0.01,0.53,0.96,0.59,-1.33,0.30,0.27,0.10,0.08,-0.40,1.27,0.33,0.48,-0.08,0.24,0.54,,0.31,0.52,0.29,0.16,,0.10,0.63,-0.46,-0.18,0.18,0.47,1.16,6.95,0.00,-0.36,0.09,-0.01,0.36,0.66,1.27,0.45,0.55,0.19,-0.44,1.00,0.12,0.19,0.00,-0.30,0.28,0.00,1.24,0.59,-0.17,0.90,0.19,2.53,0.63,0.26,0.10,0.10,0.73,0.24,0.10,1.06,0.12,2.31,0.20,,0.38,0.00,0.50,0.45,9.71,,0.44,-0.31,1.46,0.38,0.52,0.18,0.36,-0.01,-0.67,0.05,0.49,-2.17,0.47,0.49,0.67,0.35,,0.16,0.94,-0.52,0.35,,1.46,-0.18,0.08,0.48,-0.06,1.21,1.06,0.72,0.18,0.35,0.43,0.00,-0.29,0.18,0.53,0.19,0.07,0.19,0.41,0.36,-0.62,-0.20,0.26,0.69,0.00,0.15,24.18,0.47,-0.01,-2.38,0.65,0.58,0.29,-17.20,0.29,10.77,0.55,0.56,0.09,,1.27,0.91,0.97,0.38,-0.50,,0.86,0.27,0.51,1.94,0.19,0.08,0.42,0.20,0.67,0.88,-0.19,0.80,22.22,0.19,1.39,-0.02,0.31,1.33,3.88
July,2021,,,2.11,0.11,-0.07,3.00,-0.52,0.40,0.36,0.92,0.39,0.82,-0.93,-1.82,0.51,0.77,0.10,0.62,-0.12,0.07,0.39,0.15,0.97,0.85,-0.24,0.80,-1.70,0.63,-0.10,0.84,0.30,0.00,0.58,0.00,0.39,0.49,-0.21,,0.11,1.04,0.49,0.46,,0.67,0.54,0.71,0.53,0.88,-0.75,1.06,3.52,0.28,-0.09,0.09,0.52,0.00,1.35,1.63,1.20,0.29,0.88,0.93,-1.38,0.26,0.33,1.25,0.10,0.31,0.19,2.05,0.51,0.08,0.89,0.39,3.54,0.63,0.09,0.39,0.48,1.46,0.16,0.20,0.67,0.29,-0.20,0.93,,0.40,0.21,0.25,1.35,24.08,,0.19,0.72,0.62,0.20,0.69,-0.37,0.36,0.03,0.39,0.08,0.35,2.80,0.62,0.49,-0.29,-0.13,,0.32,1.47,-0.24,0.60,,0.27,0.05,-0.57,0.16,-0.30,1.66,0.93,0.35,0.46,0.87,0.86,0.75,1.33,0.37,1.04,0.46,0.43,-0.38,0.48,1.18,0.13,0.90,0.98,0.31,-0.26,0.15,13.28,1.94,-0.19,-0.47,1.54,0.73,0.24,1.79,0.70,5.68,0.50,0.37,0.28,,1.63,0.09,1.61,-0.12,0.40,,0.38,0.54,0.86,1.80,0.20,0.02,-0.07,0.10,0.52,0.52,-0.17,0.09,6.06,0.62,1.69,0.78,1.07,0.31,2.56
August,2021,,,2.12,0.37,0.43,2.47,0.37,-0.10,0.09,0.47,0.62,0.54,-1.72,2.81,1.55,0.77,0.10,0.83,0.24,0.18,0.58,0.52,0.81,1.44,0.23,0.09,-1.19,0.27,0.20,0.33,0.10,-0.18,-0.08,-0.58,0.39,0.80,0.28,,1.55,0.69,0.10,-0.18,,-0.19,0.80,1.42,0.12,0.00,0.47,0.70,3.62,0.28,0.36,0.56,-0.30,0.63,0.75,0.27,1.24,0.15,0.32,0.14,-0.20,0.11,0.21,0.00,0.10,0.39,0.19,2.07,0.17,0.00,0.15,0.58,3.18,1.16,0.51,0.29,0.38,0.81,0.22,0.00,0.47,0.23,-0.74,-0.05,,0.05,0.48,0.17,0.59,10.25,,0.78,0.92,0.34,0.44,0.43,0.92,0.36,0.08,0.00,0.33,0.44,0.08,0.15,0.61,0.19,0.21,,0.07,0.82,0.19,0.94,,-0.09,0.95,0.00,-0.15,-0.18,0.90,1.02,0.24,0.45,0.00,1.49,0.09,0.58,0.04,1.06,0.55,0.28,-0.19,0.42,0.90,0.29,0.30,0.24,0.17,0.48,0.07,6.52,1.82,0.55,0.38,2.19,0.23,0.86,7.62,1.98,11.59,0.38,0.09,0.55,,0.27,0.00,1.11,-0.18,0.50,,0.19,0.18,0.00,1.12,0.58,-0.50,0.00,-0.20,0.85,0.17,0.54,0.18,-11.43,0.25,1.53,1.25,0.38,0.36,4.19
September,2021,,,2.18,0.50,,3.55,-0.09,0.70,0.45,1.82,0.62,-0.27,1.20,1.72,2.18,0.40,0.31,0.20,0.75,1.33,0.10,-0.20,1.17,1.91,0.38,0.45,0.68,0.18,0.00,1.17,0.00,-0.17,0.08,-0.19,0.39,0.30,0.63,,-0.06,0.17,0.29,0.20,,0.28,0.45,1.99,0.02,1.14,0.84,1.22,3.97,0.28,0.18,-0.19,0.23,0.27,0.24,0.65,0.25,0.36,0.98,0.41,2.41,-0.17,0.21,-1.11,-2.27,0.45,0.95,1.41,0.08,0.00,0.22,0.48,3.94,-0.71,0.42,0.19,-0.19,2.32,0.18,0.39,0.47,0.32,0.24,0.00,,-0.10,0.41,1.33,0.50,8.16,,0.32,-0.10,0.27,0.42,1.46,0.18,1.06,0.19,0.67,1.68,0.36,-0.30,0.62,-0.12,2.76,0.25,,0.51,0.32,0.73,0.68,,0.09,1.85,0.24,0.35,0.03,-0.81,1.15,0.63,0.09,1.03,0.00,-0.09,2.12,0.15,0.56,-0.09,0.71,0.86,0.28,0.98,0.43,0.05,0.84,0.60,0.19,0.20,15.55,0.62,0.42,0.75,1.21,0.41,0.81,2.44,1.23,1.28,0.82,0.00,0.46,,0.64,-0.27,-0.68,1.59,0.40,,0.09,0.43,0.64,1.25,0.16,-0.09,0.59,1.21,0.46,0.26,1.09,0.09,9.68,-0.62,0.04,0.11,0.23,-0.49,4.73
October,2021,,,2.05,0.15,,3.52,0.66,1.70,0.63,1.57,0.54,1.52,-0.21,0.15,1.07,1.82,0.10,0.26,1.99,0.89,0.57,-0.23,1.23,0.00,0.11,0.90,-1.70,0.71,0.30,1.40,0.70,0.33,0.25,0.19,0.00,0.93,0.49,,0.73,1.02,0.48,0.21,,0.95,0.64,1.25,0.21,1.56,1.76,-0.17,0.00,0.75,-0.80,0.47,0.04,0.89,1.33,0.60,0.23,1.14,2.20,0.62,1.57,0.19,0.36,0.00,2.82,0.53,0.94,4.60,1.17,0.08,1.33,0.67,3.70,0.36,0.59,0.10,0.67,0.96,0.06,-0.20,0.66,0.51,1.32,0.72,,-0.25,0.17,0.25,0.28,16.42,,0.76,-0.71,2.10,0.76,1.60,0.91,1.14,0.03,0.67,2.12,0.16,0.08,0.84,0.47,1.02,0.53,,0.68,0.70,0.89,0.17,,0.54,3.32,0.73,0.19,-0.24,-1.27,0.98,0.75,1.26,-0.26,0.70,0.74,1.90,0.30,0.58,0.18,1.13,0.48,0.35,1.59,0.08,1.34,1.78,1.11,-0.11,0.25,4.29,0.35,0.29,0.19,0.68,0.72,0.94,9.72,1.14,1.46,0.59,0.84,0.27,,0.61,-1.09,-1.09,0.74,1.00,,0.47,1.54,0.92,2.39,0.29,-0.10,0.17,0.91,1.04,0.86,1.31,0.18,5.88,-0.20,0.74,0.99,0.30,0.42,6.40
November,2021,,,2.08,0.17,,2.53,1.69,1.60,0.62,1.48,1.45,1.24,-0.26,1.14,-0.49,1.36,-0.20,0.37,1.19,0.51,0.86,0.19,1.00,1.39,0.26,-0.02,0.95,0.18,0.10,0.49,0.39,0.74,0.14,0.19,0.54,0.84,0.82,,0.54,0.17,0.19,0.04,,0.28,1.08,-0.26,0.36,0.09,0.36,1.89,-0.62,0.47,0.00,0.28,0.51,0.62,0.61,1.43,0.45,0.44,0.08,0.20,0.39,0.34,0.49,-0.30,0.20,0.75,0.75,4.66,0.74,0.34,0.65,0.57,2.44,0.53,0.34,-0.10,0.57,0.00,0.13,0.20,0.75,0.45,1.69,0.92,,0.34,0.50,0.33,-0.10,10.63,,1.07,1.53,3.12,0.60,1.00,0.63,1.04,0.21,0.19,3.50,0.31,0.12,1.14,0.75,0.46,0.33,,0.30,1.03,0.99,0.84,,0.71,3.30,0.24,0.57,0.57,-0.18,1.08,1.39,0.89,0.77,1.48,0.09,2.98,0.30,0.45,0.64,0.97,0.47,0.70,0.52,-0.27,1.07,0.00,0.96,-0.87,0.21,8.90,-0.71,0.98,-0.09,0.29,0.83,0.89,-9.43,0.94,3.28,0.54,0.74,0.45,,,-0.92,-0.09,0.28,1.20,,1.32,-0.18,0.14,3.51,0.24,0.45,0.18,0.80,0.25,0.51,1.22,0.35,16.67,0.32,-0.50,1.24,0.37,0.63,5.77
December,2021,,,2.10,0.85,,3.84,1.58,1.60,0.62,1.59,1.65,0.09,0.65,0.31,-0.38,0.91,0.00,0.07,0.67,0.87,-0.38,0.16,0.71,0.47,0.19,0.15,0.19,-0.09,-0.10,0.73,-0.29,1.16,1.26,0.10,0.70,0.43,0.48,,-0.25,0.42,0.19,0.21,,-0.47,0.73,-0.64,0.07,-0.09,1.18,3.04,1.44,-0.09,1.70,0.19,0.36,0.53,0.27,1.23,0.29,1.02,0.21,0.27,0.77,0.09,0.17,0.28,0.00,0.96,0.00,1.01,0.25,0.59,-0.22,0.47,1.66,0.26,0.50,0.29,0.38,0.86,0.47,0.00,0.56,0.91,1.31,-0.07,,0.40,0.16,0.73,0.23,16.52,,-0.15,3.01,3.67,0.63,1.15,-0.09,0.34,0.01,0.09,1.66,0.67,-0.07,0.38,0.41,0.09,0.43,,0.28,2.14,1.49,0.75,,0.18,2.92,0.40,0.39,0.40,0.37,1.82,1.41,0.71,0.68,0.38,0.09,-0.02,-0.41,0.74,0.27,0.90,0.00,0.03,0.00,0.21,0.65,0.71,0.82,0.08,-0.10,1.24,0.09,0.46,0.37,2.12,0.11,0.42,-8.97,1.13,1.29,0.16,0.00,1.26,,,1.39,-0.08,-0.38,0.50,,2.23,-0.26,0.42,13.58,-0.20,0.81,0.45,0.57,-0.10,0.26,1.26,0.18,-14.29,-0.18,2.03,0.45,0.60,0.63,5.76
January,2022,,,2.00,1.27,,3.88,1.64,0.10,-0.09,1.65,1.85,2.27,2.46,-0.59,0.73,1.45,2.26,0.61,1.01,1.53,-0.28,0.31,0.56,,1.12,2.21,0.02,0.88,0.10,1.20,0.49,0.21,0.49,0.96,1.69,0.85,0.37,,-0.50,4.44,0.48,0.22,,1.41,1.18,1.08,0.72,0.85,-0.36,-0.08,1.18,1.21,1.41,0.28,0.18,-0.09,1.13,2.11,1.48,2.10,1.54,0.47,-0.29,,-0.04,1.52,0.10,1.22,0.28,0.65,1.39,0.59,-0.29,-0.37,2.37,0.88,0.50,0.19,1.59,0.51,0.17,0.20,0.74,0.31,0.97,0.58,,-0.06,0.63,0.08,0.68,7.69,,0.09,,3.11,1.01,2.20,0.09,0.00,0.24,0.00,2.77,0.71,0.40,0.60,1.47,0.18,-0.17,,1.28,1.97,2.18,0.66,,1.41,3.57,0.32,1.05,1.06,1.46,1.47,0.70,0.44,-0.93,-0.86,0.55,0.39,0.32,0.18,1.09,1.91,0.28,0.34,1.47,0.68,-0.97,1.48,0.99,2.54,0.15,2.06,0.25,0.03,0.93,1.36,0.62,0.83,-8.69,0.65,3.05,2.76,0.37,-0.53,,,-0.27,1.98,1.13,0.50,,-0.27,0.71,0.70,11.10,0.56,0.64,-0.31,1.33,1.78,0.85,0.87,,,0.19,-0.43,0.87,0.22,2.55,5.34
February,2022,,,1.77,1.27,,4.69,0.07,1.80,1.23,1.10,1.81,0.60,-5.04,2.31,0.39,1.45,0.10,0.05,1.49,1.57,1.14,0.12,0.98,,0.77,0.31,3.07,1.05,0.69,0.32,0.59,0.31,0.40,1.05,1.59,0.74,1.09,,1.21,1.28,0.76,0.33,,1.02,0.92,0.58,0.23,1.61,0.81,1.47,3.34,0.55,1.30,0.74,0.64,0.70,0.87,2.36,1.60,0.39,0.18,0.07,1.05,,0.42,-0.43,0.78,0.35,0.93,2.04,1.05,0.00,-0.07,0.94,2.11,0.52,1.16,0.68,0.92,0.85,0.19,0.39,0.82,0.41,0.74,1.19,,0.00,0.58,0.24,0.69,-3.13,,0.20,,1.08,0.35,1.83,2.16,1.63,0.09,0.57,2.07,0.71,0.34,0.82,0.97,-0.18,0.63,,1.47,1.33,0.44,0.49,,2.35,2.68,0.24,0.22,-0.07,0.63,1.63,0.91,0.70,1.10,-0.25,-0.46,1.15,0.69,0.31,0.09,-0.27,0.38,0.64,1.36,0.61,-0.26,0.58,1.17,3.32,0.31,14.39,1.43,0.87,0.55,2.30,0.79,1.10,3.23,1.93,1.70,0.85,1.37,0.80,,,0.27,1.47,1.06,0.20,,2.00,0.26,0.35,4.81,-0.01,0.58,0.98,1.59,1.47,0.93,0.51,,,1.00,0.44,1.11,0.59,1.74,3.09
March,2022,,,1.56,2.37,,6.73,1.75,2.30,1.99,1.10,1.07,0.51,0.39,3.72,0.62,2.22,0.60,0.96,2.75,6.05,1.13,-0.05,1.60,,0.91,0.22,1.58,1.38,0.58,1.90,0.00,0.10,0.56,0.94,1.04,1.18,0.88,,1.83,1.66,1.98,1.27,,0.64,0.67,1.90,0.11,2.25,3.04,2.66,4.01,1.46,0.00,1.47,0.46,0.95,2.46,4.02,0.99,1.03,0.21,0.40,2.84,,1.50,0.59,0.19,0.94,2.02,1.66,1.04,0.58,0.80,1.77,1.29,0.69,0.98,0.58,1.01,1.60,0.79,0.39,3.63,0.85,3.24,1.62,,0.30,0.72,0.24,1.84,6.10,,0.65,,2.92,0.78,2.34,1.06,3.37,-0.02,1.79,4.06,0.63,0.29,1.03,1.62,0.91,0.87,,3.45,0.94,0.70,0.74,,2.13,1.95,0.32,0.54,0.26,0.09,1.74,1.15,3.64,0.59,1.16,0.09,0.79,0.87,1.50,0.63,3.30,2.53,0.80,0.84,1.03,0.58,1.88,7.61,2.78,0.27,13.02,-0.76,1.25,0.00,4.68,0.81,0.81,9.22,1.67,2.19,1.75,-1.08,1.77,,,1.55,1.00,0.66,1.70,,0.18,0.00,0.83,5.46,0.31,0.84,0.83,4.49,1.11,1.34,1.53,,,0.70,0.71,2.74,1.10,0.77,2.66
April,2022,,,1.12,0.72,,6.05,2.25,0.10,0.34,1.04,4.23,0.34,0.12,3.02,0.73,2.46,-0.70,0.74,2.38,1.57,1.02,0.03,1.09,,-0.29,3.00,7.78,0.68,0.39,1.32,0.39,0.44,1.12,-0.47,1.25,0.10,1.58,,2.39,1.79,0.65,1.73,,1.64,0.96,2.16,0.59,3.26,-0.26,3.54,2.17,0.27,0.00,0.45,0.13,2.15,1.84,5.17,1.61,2.53,0.81,-0.27,2.12,,0.54,1.09,-0.19,1.69,2.70,1.58,1.50,0.99,1.37,0.92,3.36,0.17,1.21,0.76,-0.09,-0.08,1.20,0.39,2.02,1.69,2.01,0.12,,1.26,0.75,0.16,2.44,7.10,,0.43,,10.19,1.06,1.91,0.78,2.20,0.16,1.76,5.56,0.70,0.27,0.51,2.21,1.81,1.89,,1.92,2.17,1.13,1.38,,0.75,-3.72,0.24,1.42,0.71,0.72,1.76,1.22,0.25,1.17,0.81,0.55,1.61,0.58,1.13,0.80,2.02,2.19,1.33,1.50,1.08,0.29,3.75,,3.74,0.43,4.17,0.96,-0.13,1.92,3.05,0.50,1.53,7.49,1.57,1.94,1.42,2.55,0.61,,,0.90,1.11,0.34,0.70,,1.78,1.31,1.37,7.25,0.77,0.74,1.38,3.12,0.49,0.58,1.47,,,0.18,0.91,1.45,0.58,0.68,9.63
May,2022,,,0.92,-0.46,,5.05,0.13,0.30,0.76,0.74,2.77,0.76,1.38,1.87,-0.99,1.21,0.50,0.80,1.09,0.72,0.92,0.38,0.47,,-0.31,2.58,-5.09,1.35,0.68,1.23,-0.19,0.17,0.63,0.75,0.80,0.66,1.44,,0.92,1.76,0.92,0.59,,0.90,0.49,-0.53,0.56,1.03,0.87,1.90,2.67,1.35,1.20,0.63,0.48,0.59,1.05,4.03,0.83,1.03,0.72,2.22,0.63,,1.31,0.40,-0.19,0.88,1.40,1.89,1.71,0.41,1.00,0.91,3.52,0.17,0.72,0.66,0.82,0.42,0.51,0.29,1.37,0.78,,0.80,,0.18,0.66,0.16,3.18,7.85,,1.55,,9.67,0.93,2.32,0.17,3.91,0.08,0.27,2.04,0.69,0.67,0.22,1.96,1.69,0.68,,0.76,1.31,1.00,0.96,,0.50,1.12,0.56,0.09,1.03,0.62,1.77,0.65,-0.67,0.25,1.43,0.00,0.44,0.76,0.36,0.44,1.72,0.98,0.46,0.16,-0.27,1.34,1.18,,2.12,0.12,6.78,0.75,0.99,2.15,2.43,0.91,1.24,0.44,0.78,2.72,1.60,2.04,1.04,,,2.31,1.44,1.40,0.70,,1.49,0.00,0.88,2.98,0.25,0.50,1.49,2.68,0.46,1.07,1.03,,,0.38,0.07,0.89,0.65,0.85,8.68
June,2022,,,0.84,-0.15,,5.30,0.33,-1.40,1.43,-0.11,-0.53,0.83,-0.40,1.96,1.45,0.88,-0.10,0.55,1.37,1.13,0.55,0.39,0.67,,0.77,1.34,-0.09,0.67,0.48,0.91,0.00,2.18,0.39,0.37,0.50,0.62,1.78,,0.78,1.58,0.00,6.04,,0.80,0.64,0.71,0.65,-0.16,1.81,2.76,4.49,0.71,-0.25,0.72,0.97,0.67,0.22,3.02,1.71,0.66,2.14,0.46,1.61,,1.83,1.66,0.29,1.32,1.12,2.23,1.46,0.57,0.14,1.35,,0.69,1.43,0.38,1.17,0.74,0.99,0.00,1.53,0.89,,0.80,,0.50,0.61,0.40,10.09,9.23,,0.22,,10.92,1.30,2.34,0.78,2.46,0.21,0.54,2.21,0.96,0.45,0.80,2.78,0.52,0.53,,1.76,1.55,0.83,0.95,,0.41,3.55,0.63,1.02,0.29,0.44,1.83,0.51,0.00,0.91,1.07,0.46,6.34,1.12,1.03,0.88,1.51,0.80,1.18,0.49,0.38,0.01,0.76,,1.17,0.23,5.77,1.88,1.00,0.18,3.13,0.84,1.62,-8.55,1.82,9.10,1.18,2.78,1.46,,,1.22,0.42,0.90,0.20,,0.95,0.26,0.67,4.95,0.38,0.47,0.96,3.11,0.59,1.38,0.94,,,0.69,3.18,1.40,1.08,0.91,18.02
July,2022,,,0.81,0.22,,7.41,-1.38,0.20,1.00,0.48,1.65,0.83,0.69,0.93,0.44,1.12,0.90,1.48,0.66,0.50,0.90,0.39,-0.67,,-0.09,2.30,0.36,0.17,-0.10,1.42,0.49,0.00,0.71,-0.65,0.86,1.16,1.09,,1.24,1.33,0.46,-5.17,,1.14,0.50,-0.60,0.16,1.33,-0.25,1.89,3.07,0.26,0.00,0.36,0.96,0.58,0.23,3.15,1.09,0.86,1.30,0.46,-1.85,,1.08,1.49,0.10,0.89,0.43,3.22,2.34,0.65,0.56,0.44,,0.51,1.17,1.12,0.44,0.74,0.32,0.48,1.17,0.67,,-1.34,,0.39,0.48,0.08,2.95,7.42,,1.24,,5.57,1.14,1.22,-1.03,2.17,0.08,0.90,1.39,3.06,0.15,0.79,1.88,1.83,0.43,,1.51,1.04,0.62,1.49,,1.56,0.93,0.39,0.98,-0.14,0.79,1.80,1.34,2.18,1.31,0.42,0.46,4.35,-1.24,1.00,0.78,0.50,0.00,,0.73,-0.36,0.49,0.89,,2.71,0.51,2.60,3.83,0.15,1.14,2.74,0.42,1.03,4.97,2.27,1.68,0.83,0.93,0.08,,,0.86,0.33,-0.16,0.40,,1.96,1.55,1.00,2.37,-0.03,0.11,0.95,0.70,0.77,0.00,-0.08,,,0.40,3.56,0.89,1.63,0.44,16.09
August,2022,,,0.76,0.80,,6.97,0.19,0.60,0.00,0.89,0.98,0.82,-1.05,0.31,3.47,1.17,0.20,0.07,0.25,0.05,0.63,0.04,-0.40,,0.59,0.32,-0.36,-0.33,0.29,1.18,-0.10,0.51,0.86,0.56,1.00,0.51,0.86,,-0.26,0.44,0.36,0.42,,0.00,0.21,1.85,0.03,0.85,0.25,2.35,2.91,0.09,1.02,0.44,0.58,0.50,0.14,1.91,1.16,0.69,1.70,0.59,-0.27,,0.68,1.03,0.10,-0.03,0.17,3.25,1.85,-0.16,0.21,0.18,,0.25,0.31,-0.28,0.80,0.90,0.24,0.48,1.40,0.42,,-0.47,,0.52,-0.11,0.08,4.16,7.55,,0.96,,2.45,0.05,0.99,0.95,0.44,-0.17,0.27,0.89,1.52,0.22,0.64,1.25,2.05,0.36,,0.16,-0.93,0.49,1.37,,0.32,1.66,0.23,0.29,0.84,0.52,1.77,0.86,1.97,-0.24,1.66,-0.09,2.45,-1.35,0.62,0.43,0.80,-0.35,,0.40,-0.48,0.13,0.56,,1.13,0.38,2.74,2.20,0.94,1.47,1.14,0.45,1.23,-1.45,2.80,4.04,0.77,0.00,1.77,,,1.53,0.33,0.05,-1.20,,0.84,0.51,0.46,1.46,-0.08,-0.39,0.99,1.10,0.83,0.00,0.52,,,0.00,3.59,0.22,0.28,0.26,6.62
September,2022,,,0.79,0.61,,6.17,0.63,0.30,1.64,3.11,1.68,0.98,-0.10,0.30,1.78,1.23,0.30,0.34,1.22,0.87,-0.18,0.14,-0.27,,0.20,-0.26,-0.98,0.00,-0.19,0.88,0.29,0.00,0.62,-1.02,0.92,0.39,-0.95,,-0.19,0.80,1.81,0.34,,1.31,0.29,0.88,0.36,1.61,-0.68,0.28,2.51,0.79,-0.50,-0.62,0.33,0.41,0.83,2.00,-3.15,0.66,-0.44,0.13,2.97,,0.36,-0.36,0.10,0.13,1.44,6.51,4.06,1.13,0.91,0.00,,0.17,0.08,0.19,0.26,1.37,0.21,0.38,1.79,0.92,,-0.48,,-1.05,0.28,0.40,3.62,8.40,,0.61,,2.32,0.19,2.87,0.26,1.53,0.19,0.98,1.43,0.72,0.16,0.64,1.57,0.42,0.75,,1.38,-0.20,2.22,0.84,,0.48,2.15,0.08,0.14,0.20,-1.04,1.36,0.07,2.34,1.37,0.35,-0.18,-1.15,,0.56,0.43,1.59,1.23,,-0.08,1.30,1.22,1.33,,3.12,0.27,10.17,1.11,0.43,0.74,1.96,0.25,1.51,-4.08,3.31,3.30,0.91,-0.92,1.41,,,-0.67,-0.33,0.22,-0.30,,0.33,0.34,1.05,3.08,0.24,0.09,1.51,1.90,0.84,0.16,1.03,,,0.40,0.16,-0.18,0.14,-0.35,2.53
October,2022,,,,0.36,,6.35,0.26,1.10,0.97,1.55,1.58,2.42,3.51,-1.09,0.91,0.87,-0.10,0.28,2.11,-1.00,0.27,0.75,0.61,,-0.65,0.24,0.45,0.75,0.10,0.51,0.10,0.25,0.31,0.47,0.77,0.42,-0.76,,0.79,-1.44,0.71,-0.10,,1.03,0.28,0.72,0.12,2.56,0.34,-1.11,0.82,0.96,-0.59,1.06,0.02,1.64,0.49,2.70,0.36,1.11,0.69,-0.06,-1.14,,0.98,-0.63,0.29,0.66,1.34,10.99,2.02,-0.08,0.90,1.59,,-0.42,0.69,0.56,3.42,1.51,-0.09,0.57,1.60,0.89,,-0.06,,0.86,0.26,0.32,2.31,14.65,,-0.04,,,0.11,1.22,0.85,0.79,-0.09,0.44,2.62,-3.42,-0.07,0.56,1.35,0.00,0.49,,1.44,1.27,0.18,1.51,,0.56,4.03,0.23,0.16,-0.25,-1.40,1.25,1.33,1.10,0.32,0.56,0.82,4.71,,0.45,0.94,1.80,1.22,,0.40,0.42,0.36,1.28,,5.65,0.19,1.93,1.36,-0.40,-0.13,3.71,0.71,1.86,4.94,2.47,6.52,1.23,0.76,0.25,,,-0.08,-0.66,0.33,0.40,,-0.33,2.94,1.04,3.54,0.27,0.00,0.82,2.49,0.21,0.40,1.24,,,0.15,-1.79,0.95,0.28,0.18,3.20
November,2022,,,,-0.26,0.45,4.92,1.10,1.10,0.24,1.04,5.36,-0.24,0.84,-1.33,-0.54,0.76,-0.10,-0.10,0.18,-1.10,0.62,0.47,0.40,,-0.14,-0.80,0.99,0.16,0.00,1.01,-0.19,0.25,0.54,0.19,0.76,0.67,0.14,,0.47,1.17,0.18,-1.27,,-0.85,0.47,-0.18,-0.01,2.28,-0.09,0.91,1.93,1.21,-0.17,0.35,0.32,0.40,0.47,8.59,0.36,0.22,0.66,0.06,-0.09,,-0.01,0.12,0.19,0.98,0.91,3.49,1.77,0.08,0.00,0.35,,0.25,0.23,0.09,0.51,0.47,-0.10,0.19,1.42,0.35,1.28,0.51,,0.68,-0.10,0.24,1.14,3.74,,0.99,,,0.25,0.40,-0.17,1.14,-0.03,0.44,1.02,2.01,0.02,0.56,0.54,-1.58,0.00,,0.85,1.11,0.58,0.33,,0.88,2.57,0.31,0.54,0.04,0.27,1.39,0.68,-3.12,-0.16,,-0.18,-2.56,0.19,0.45,0.93,0.71,0.26,,0.72,-0.36,1.36,1.25,,1.26,0.13,1.50,0.23,0.97,-0.53,1.85,0.69,0.97,-4.54,1.84,3.68,0.94,0.92,0.98,,,0.59,1.34,-0.13,0.50,,-0.50,0.16,0.64,2.88,-0.14,0.40,0.07,0.71,-0.28,-0.08,1.34,0.33,,0.39,-2.47,0.27,0.35,0.69,1.37
December,2022,,,,0.43,0.28,5.12,1.07,1.40,0.19,0.96,1.60,-0.18,0.20,-2.03,-0.52,0.91,-0.30,-0.43,-0.64,0.42,-0.18,0.12,0.61,,0.39,0.40,0.09,-0.60,-0.22,0.27,-0.10,0.51,0.46,0.09,1.24,,0.13,,-0.98,0.00,-0.44,-0.54,,-0.60,0.96,0.39,0.16,2.08,0.13,-0.13,,-0.07,0.17,-0.12,0.23,0.40,-0.27,3.83,0.29,1.70,0.90,0.39,-0.51,,0.23,,0.19,0.37,-0.33,2.92,1.97,0.64,-0.16,-0.15,,0.34,0.69,0.26,0.25,-0.08,-0.13,0.17,1.24,0.53,1.07,-0.41,,0.18,0.17,,0.82,,,-0.19,,,0.53,0.26,-0.63,-0.44,0.01,0.09,0.76,2.23,0.49,0.41,-0.25,,0.65,,0.05,0.98,1.35,-0.25,,0.24,2.59,0.16,0.26,,0.00,,1.61,0.51,0.08,,-0.09,3.92,0.09,0.66,0.34,0.12,-0.28,,-0.16,,1.25,0.37,,-1.53,0.26,0.43,-1.03,0.20,-0.20,3.67,0.11,0.44,-12.49,1.61,4.68,0.19,0.17,2.07,,,-0.17,1.07,-0.06,0.20,,0.50,,0.70,1.18,0.15,0.78,0.13,0.70,-0.26,-0.30,1.23,-0.57,,-0.01,-0.45,0.87,0.38,0.77,1.26